Date Time,Consumption [kW],Generator [kW],Heater [KW],Office [kW],AC [kW],Motor pump [kW],Solar [kW],temperature
1574274600,0.993489888,0.00358435,0.02133135,0.4567976,0.12750205,0.0324786,0.003591316,36.97122
1574274601,0.995087424,0.0035672,0.021348525,0.4582768,0.127348,0.032634,0.003574134,36.97122
1574274602,0.992407114,0.0035672,0.02133135,0.4603408,0.126868733,0.032651267,0.003574134,36.97122
1574274603,1.088507779,0.00358435,0.11016045,0.460874,0.126457933,0.032634,0.003591316,36.97122
1574274604,1.213488346,0.0035672,0.2441598,0.4608224,0.12616695,0.032634,0.003574134,36.97122
1574274605,1.482371405,0.0035329,0.518599125,0.4613384,0.1256021,0.0325822,0.003539766,36.97122
1574274606,1.45505354,0.00355005,0.5146317,0.4574512,0.12534535,0.0326858,0.00355695,36.97122
1574274607,1.525007866,0.00351575,0.4924416,0.4585004,0.1250886,0.032875733,0.003522584,36.97122
1574274608,1.733113555,0.00351575,0.461303325,0.4555936,0.124900317,0.032910267,0.003522584,36.97122
1574274609,1.848224899,0.00351575,0.176782275,0.4527728,0.124917433,0.032806667,0.003522584,36.97122
1574274610,1.688151792,0.00351575,0.02277405,0.4542864,0.12472915,0.032806667,0.003522584,36.97122
1574274611,1.608523498,0.0035329,0.02263665,0.4509324,0.12452375,0.032893,0.003539766,36.97122
1574274612,1.554793037,0.00355005,0.022550775,0.4540284,0.124301233,0.032927533,0.00355695,36.97122
1574274613,0.895241424,0.0035329,0.021588975,0.4590164,0.035962117,0.032927533,0.003539766,36.97122
1574274614,0.748924877,0.0035329,0.0213657,0.458036,0.004912483,0.032893,0.003539766,36.97122
1574274615,0.609069475,0.00355005,0.021279825,0.3176324,0.005049417,0.032875733,0.00355695,36.97122
1574274616,0.517317657,0.00355005,0.021245475,0.2275044,0.005117883,0.032979333,0.00355695,36.97122
1574274617,0.557185056,0.0035329,0.02126265,0.2683716,0.00508365,0.0329966,0.003539766,36.97122
1574274618,0.571065869,0.00355005,0.021314175,0.2807728,0.00508365,0.033013867,0.00355695,36.97122
1574274619,0.56888257,0.00355005,0.021297,0.2787088,0.00508365,0.0330484,0.00355695,36.97122
1574274620,0.568527562,0.00355005,0.02126265,0.2786744,0.00508365,0.032962067,0.00355695,36.97122
1574274621,0.557682067,0.00355005,0.021176775,0.2681308,0.00508365,0.032875733,0.00355695,36.97122
1574274622,0.614785104,0.00351575,0.021314175,0.265224,0.005117883,0.032823933,0.003522584,36.97122
1574274623,0.72375481,0.0035329,0.0215031,0.2653272,0.005152117,0.032858467,0.003539766,36.97122
1574274624,1.377253536,0.0034986,0.11071005,0.2622312,0.0053404,0.032703067,0.0035054,36.97122
1574274625,1.64723712,0.0035329,0.22729395,0.2620592,0.00569985,0.032185067,0.003539766,36.97122
1574274626,1.940846486,0.00351575,0.511797825,0.2626784,0.005049417,0.032081467,0.003522584,36.97122
1574274627,2.814343671,0.0020923,0.513961875,0.2637104,0.004689967,0.091237067,0.002096366,36.97122
1574274628,1.852449494,0.0032242,0.509530725,0.2640028,0.00487825,0.117603267,0.003230466,36.97122
1574274629,1.264396493,0.00317275,0.467658075,0.2642264,0.004689967,0.032910267,0.003178916,36.97122
1574274630,1.268390333,0.00317275,0.3992157,0.2650864,0.005066533,0.032893,0.003178916,36.97122
1574274631,0.887253744,0.0031556,0.021279825,0.26273,0.004946717,0.032893,0.003161734,36.97122
1574274632,0.888531772,0.0031556,0.021245475,0.2647596,0.004946717,0.032875733,0.003161734,36.97122
1574274633,0.89508167,0.0031556,0.0212283,0.2642092,0.004946717,0.032823933,0.003161734,36.97122
1574274634,0.926286873,0.00313845,0.021176775,0.2643812,0.004946717,0.032979333,0.00314455,36.97122
1574274635,0.909406243,0.00313845,0.02119395,0.2634696,0.005357517,0.032893,0.00314455,36.97122
1574274636,0.904311878,0.00317275,0.0212283,0.2648972,0.004946717,0.0329448,0.003178916,36.97122
1574274637,1.07922432,0.00313845,0.0215718,0.2623344,0.005015183,0.0328412,0.00314455,36.97122
1574274638,1.401465082,0.0031213,0.0220527,0.2557296,0.005117883,0.089320467,0.003127366,36.97122
1574274639,1.762099959,0.00313845,0.02270535,0.2454612,0.005254817,0.123663867,0.00314455,36.97122
1574274640,1.68495672,0.0031556,0.022722525,0.2501912,0.00569985,0.032806667,0.003161734,36.97122
1574274641,1.53407832,0.0032928,0.02256795,0.2546288,0.005271933,0.0326858,0.0032992,36.97122
1574274642,1.514304374,0.00313845,0.022447725,0.2089112,0.005271933,0.0327376,0.00314455,36.97122
1574274643,0.779810573,0.00313845,0.0213657,0.04472,0.0419016,0.033031133,0.00314455,36.97122
1574274644,0.557238308,0.0034643,0.0895161,0.0447716,0.005135,0.0329966,0.003471034,36.97122
1574274645,0.54183096,0.00344715,0.066759225,0.0447716,0.005135,0.0329966,0.00345385,36.97122
1574274646,0.653480976,0.00343,0.123299325,0.044806,0.00508365,0.0353794,0.003436666,36.97122
1574274647,0.977337024,0.00344715,0.32086335,0.0449952,0.004895367,0.1818698,0.00345385,36.97122
1574274648,1.021784026,0.0034643,0.515370225,0.045064,0.00477555,0.038107533,0.003471034,36.97122
1574274649,0.978366547,0.00348145,0.484798725,0.0451156,0.004809783,0.032772133,0.003488216,36.97122
1574274650,0.891425088,0.00351575,0.4632441,0.0449092,0.004844017,0.032927533,0.003522584,36.97122
1574274651,0.527044877,0.0034986,0.0976914,0.0446684,0.005135,0.032910267,0.0035054,36.97122
1574274652,0.625382093,0.0035329,0.02146875,0.044548,0.005271933,0.032910267,0.003539766,36.97122
1574274653,0.991217837,0.00348145,0.022035525,0.04429,0.043356517,0.032910267,0.003488216,36.97122
1574274654,1.44933791,0.0035329,0.022550775,0.0439804,0.171577467,0.032806667,0.003539766,36.97122
1574274655,1.450509437,0.0034986,0.0225336,0.0440148,0.171235133,0.032858467,0.0035054,36.97122
1574274656,1.224049834,0.00355005,0.022550775,0.0441524,0.0227994,0.032875733,0.00355695,36.97122
1574274657,1.099974538,0.0034986,0.0222588,0.0441008,0.00898625,0.0327894,0.0035054,36.97122
1574274658,0.760640141,0.00351575,0.021726375,0.0444448,0.005306167,0.032893,0.003522584,36.69501
1574274659,0.52938793,0.00351575,0.099941325,0.0446684,0.005135,0.032927533,0.003522584,36.69501
1574274660,0.495378163,0.00355005,0.06646725,0.044634,0.005152117,0.0329448,0.00355695,36.69501
1574274661,0.54628631,0.00351575,0.114729,0.0446856,0.005100767,0.032962067,0.003522584,36.69501
1574274662,0.69363238,0.00351575,0.118078125,0.0446684,0.117249167,0.0329448,0.003522584,36.69501
1574274663,0.756646301,0.0035329,0.146382525,0.0446684,0.1444989,0.032962067,0.003539766,36.69501
1574274664,1.273431446,0.0034986,0.51789495,0.0449952,0.141229617,0.032858467,0.0035054,36.69501
1574274665,1.261804935,0.0035329,0.4846098,0.0449436,0.14434485,0.032893,0.003539766,36.69501
1574274666,1.232694278,0.00351575,0.463038,0.0451844,0.139894517,0.0327894,0.003522584,36.69501
1574274667,0.868651325,0.00351575,0.098361225,0.04515,0.139962983,0.0327894,0.003522584,36.69501
1574274668,0.659303107,0.0035329,0.021314175,0.044892,0.139381017,0.032875733,0.003539766,36.69501
1574274669,0.8032056,0.00351575,0.021554625,0.044548,0.139124267,0.032979333,0.003522584,36.69501
1574274670,1.109879261,0.00351575,0.021966825,0.0445308,0.13879905,0.0326858,0.003522584,36.69501
1574274671,1.410659788,0.0034986,0.022447725,0.0439804,0.138405367,0.032806667,0.0035054,36.69501
1574274672,1.447864628,0.00351575,0.063976875,0.0439976,0.1379261,0.032772133,0.003522584,36.69501
1574274673,1.398696019,0.00348145,0.099666525,0.0439976,0.13397215,0.0326858,0.003488216,36.69501
1574274674,1.707428726,0.00348145,0.46355325,0.044548,0.13161005,0.032513133,0.003488216,36.69501
1574274675,1.287365511,0.0034986,0.511248225,0.0448576,0.130086667,0.1316238,0.0035054,36.69501
1574274676,1.142309242,0.00348145,0.509633775,0.044892,0.129076783,0.0804454,0.003488216,36.69501
1574274677,1.095164179,0.0035329,0.5080365,0.0448576,0.1286831,0.032823933,0.003539766,36.69501
1574274678,1.091898105,0.00348145,0.5066625,0.0448748,0.128306533,0.032893,0.003488216,36.69501
1574274679,1.092572621,0.00351575,0.506095725,0.044892,0.127638983,0.032893,0.003522584,36.69501
1574274680,1.166769292,0.00348145,0.4703202,0.0448748,0.127125483,0.156954,0.003488216,36.69501
1574274681,1.063799222,0.0034986,0.4478553,0.0447888,0.126766033,0.066701133,0.0035054,36.69501
1574274682,0.622045018,0.0034986,0.03843765,0.044548,0.12709125,0.032927533,0.0035054,36.69501
1574274683,0.605057885,0.0035329,0.021142425,0.0445824,0.126817383,0.032962067,0.003539766,36.69501
1574274684,0.630707213,0.0034986,0.02119395,0.044548,0.126321,0.032910267,0.0035054,36.69501
1574274685,0.743812762,0.00351575,0.021382875,0.0445136,0.126047133,0.0329448,0.003522584,36.69501
1574274686,0.928736428,0.00351575,0.02167485,0.044376,0.125670567,0.032910267,0.003522584,36.69501
1574274687,1.404571402,0.0035329,0.032890125,0.0440836,0.1260129,0.032858467,0.003539766,36.69501
1574274688,1.476762278,0.00348145,0.11139705,0.0440836,0.1257048,0.032875733,0.003488216,36.69501
1574274689,1.47461448,0.00351575,0.1169274,0.044118,0.125225533,0.032893,0.003522584,36.69501
1574274690,1.290170074,0.00348145,0.0644406,0.0441352,0.124951667,0.0329448,0.003488216,36.69501
1574274691,1.142824003,0.00351575,0.127009125,0.0443416,0.124557983,0.032858467,0.003522584,36.69501
1574274692,0.949557648,0.00351575,0.3700182,0.0449092,0.12452375,0.032806667,0.003522584,36.69501
1574274693,0.958415098,0.0035329,0.492252675,0.0450124,0.037417033,0.032962067,0.003539766,36.69501
1574274694,0.884644435,0.00351575,0.46142355,0.044978,0.004861133,0.033031133,0.003522584,36.69501
1574274695,0.60969074,0.0035329,0.182450025,0.0448748,0.00508365,0.033082933,0.003539766,36.69501
1574274696,0.449653133,0.00355005,0.021314175,0.0447544,0.005203467,0.0331002,0.00355695,36.69501
1574274697,0.448765613,0.0035329,0.021279825,0.0447372,0.005580033,0.033065667,0.003539766,36.69501
1574274698,0.446777568,0.0035329,0.021314175,0.0447372,0.0052377,0.033082933,0.003539766,36.69501
1574274699,0.539452407,0.00355005,0.11146575,0.0447888,0.005152117,0.0330484,0.00355695,36.69501
1574274700,0.662764435,0.00351575,0.2376333,0.044892,0.005049417,0.033031133,0.003522584,36.69501
1574274701,1.013228333,0.0035329,0.51452865,0.0451328,0.004809783,0.113839133,0.003539766,36.69501
1574274702,1.044788544,0.0035329,0.51164325,0.0451328,0.005220583,0.108952667,0.003539766,36.69501
1574274703,1.116251654,0.0034986,0.5092731,0.0449608,0.004912483,0.032910267,0.0035054,36.69501
1574274704,1.465934534,0.00351575,0.505305675,0.0446856,0.005066533,0.032893,0.003522584,36.69501
1574274705,1.721096535,0.00351575,0.501767625,0.0445824,0.00518635,0.0327894,0.003522584,36.69501
1574274706,1.718327472,0.0034986,0.5013726,0.0445136,0.005152117,0.032772133,0.0035054,36.69501
1574274707,1.675691011,0.0035329,0.464807025,0.0445136,0.00559715,0.032772133,0.003539766,36.69501
1574274708,1.53986495,0.00351575,0.45421005,0.0444792,0.005169233,0.032754867,0.003522584,36.69501
1574274709,1.002098832,0.00351575,0.0420444,0.0442728,0.005425983,0.032858467,0.003522584,36.69501
1574274710,0.446120803,0.0034986,0.0212283,0.0446684,0.005203467,0.032979333,0.0035054,36.69501
1574274711,0.446724317,0.0035329,0.021279825,0.0446856,0.005220583,0.033031133,0.003539766,36.69501
1574274712,0.445410788,0.00355005,0.021279825,0.0446856,0.005614267,0.033082933,0.00355695,36.69501
1574274713,0.456469286,0.0035329,0.031584825,0.04472,0.005203467,0.033117467,0.003539766,36.69501
1574274714,0.46504273,0.0035329,0.110658525,0.0447544,0.005203467,0.033117467,0.003539766,36.69501
1574274715,0.472054137,0.0035672,0.118559025,0.044806,0.0052377,0.033013867,0.003574134,36.69501
1574274716,0.672669158,0.0035672,0.163729275,0.0447888,0.0847275,0.032910267,0.003574134,36.2142
1574274717,1.139593431,0.0036015,0.51281115,0.044978,0.175497183,0.0328412,0.0036085,36.2142
1574274718,1.08233064,0.0035672,0.480917175,0.0449264,0.15358785,0.032875733,0.003574134,36.2142
1574274719,0.874029696,0.0035672,0.460581975,0.044978,0.0107835,0.032910267,0.003574134,36.2142
1574274720,0.57422544,0.00361865,0.1031874,0.0447544,0.007822317,0.0329448,0.003625684,36.2142
1574274721,0.601064045,0.0035672,0.0217092,0.044634,0.005357517,0.032927533,0.003574134,36.2142
1574274722,1.023701069,0.0036015,0.022379025,0.0443416,0.005973717,0.032875733,0.0036085,36.2142
1574274723,1.303269869,0.00355005,0.022671,0.0442384,0.00559715,0.138806733,0.00355695,36.2142
1574274724,1.180792109,0.00358435,0.032649675,0.0442212,0.005562917,0.086385133,0.003591316,36.2142
1574274725,1.155497789,0.0035672,0.112719525,0.044204,0.005477333,0.032772133,0.003574134,36.2142
1574274726,0.615122362,0.00358435,0.117528525,0.04472,0.005271933,0.033013867,0.003591316,36.2142
1574274727,0.453788976,0.0036015,0.0641658,0.0447372,0.005682733,0.033013867,0.0036085,36.2142
1574274728,0.502425072,0.00358435,0.1191945,0.0448404,0.005220583,0.033117467,0.003591316,36.2142
1574274729,0.517477411,0.0035329,0.2084358,0.0448232,0.00518635,0.0332556,0.003539766,36.2142
1574274730,0.782987894,0.00355005,0.472295325,0.0450468,0.004946717,0.0332556,0.00355695,36.2142
1574274731,0.776491248,0.0035329,0.4658547,0.0449436,0.00498095,0.033238333,0.003539766,36.2142
1574274732,0.491863584,0.00358435,0.1829481,0.0448748,0.005614267,0.033272867,0.003591316,36.2142
1574274733,0.32836465,0.00355005,0.0214344,0.0447372,0.005323283,0.033221067,0.00355695,36.2142
1574274734,0.385378934,0.00355005,0.021588975,0.0448232,0.0053404,0.033134733,0.00355695,36.2142
1574274735,0.514477594,0.00358435,0.0217779,0.0446684,0.009243,0.0332038,0.003591316,36.2142
1574274736,1.048640381,0.00351575,0.0346248,0.0444104,0.005614267,0.033186533,0.003522584,36.2142
1574274737,1.173638697,0.0035672,0.071465175,0.044204,0.006025067,0.0331002,0.003574134,36.2142
1574274738,1.170585629,0.00351575,0.071671275,0.044376,0.005614267,0.033013867,0.003522584,36.2142
1574274739,1.165651017,0.0035329,0.071911725,0.044204,0.005614267,0.033065667,0.003539766,36.2142
1574274740,1.114174858,0.0035672,0.072289575,0.0443244,0.00559715,0.0332038,0.003574134,36.2142
1574274741,1.028387174,0.00355005,0.071808675,0.0441868,0.0055458,0.0329966,0.00355695,36.2142
1574274742,0.652185197,0.0035672,0.071705625,0.0446168,0.047310467,0.033082933,0.003574134,36.2142
1574274743,0.55956361,0.0035672,0.07161975,0.04472,0.144635833,0.0332038,0.003574134,36.2142
1574274744,0.547209331,0.00351575,0.07148235,0.0447716,0.136368483,0.0329966,0.003522584,36.2142
1574274745,0.50325934,0.00355005,0.027943725,0.0446684,0.13438295,0.033082933,0.00355695,36.2142
1574274746,0.495839674,0.0035672,0.02153745,0.0447544,0.133321717,0.033221067,0.003574134,36.2142
1574274747,0.491135818,0.00355005,0.02126265,0.0446168,0.132260483,0.0330484,0.00355695,36.2142
1574274748,0.489786787,0.00355005,0.021245475,0.0447544,0.13140465,0.032979333,0.00355695,36.2142
1574274749,0.490443552,0.00351575,0.021382875,0.0446512,0.131028083,0.0331002,0.003522584,36.2142
1574274750,0.526867373,0.00355005,0.05836065,0.0447028,0.13037765,0.033082933,0.00355695,36.2142
1574274751,0.539736412,0.0035329,0.071156025,0.0446512,0.129881267,0.033013867,0.003539766,36.2142
1574274752,0.577473764,0.00355005,0.0716541,0.0448404,0.12955605,0.033065667,0.00355695,36.2142
1574274753,0.725636352,0.00355005,0.0718602,0.0447372,0.129025433,0.033117467,0.00355695,36.2142
1574274754,1.10143007,0.00355005,0.072358275,0.0444792,0.128648867,0.0331002,0.00355695,36.2142
1574274755,1.33390706,0.0034986,0.0725472,0.044462,0.128289417,0.032927533,0.0035054,36.2142
1574274756,1.296790973,0.00355005,0.0726159,0.044204,0.127929967,0.033065667,0.00355695,36.2142
1574274757,1.189525306,0.00355005,0.072426975,0.0441696,0.127536283,0.0328412,0.00355695,36.2142
1574274758,0.881626867,0.0035672,0.093002625,0.044548,0.127330883,0.0329966,0.003574134,36.2142
1574274759,0.666776026,0.0035329,0.2137944,0.0448232,0.126800267,0.033031133,0.003539766,36.2142
1574274760,0.665657751,0.00351575,0.212918475,0.04472,0.126594867,0.033065667,0.003522584,36.2142
1574274761,0.66521399,0.00355005,0.21259215,0.0447544,0.126286767,0.032962067,0.00355695,36.2142
1574274762,0.664645978,0.0035329,0.21293565,0.0447028,0.125995783,0.0329966,0.003539766,36.2142
1574274763,0.664894483,0.00355005,0.213433725,0.0447028,0.125824617,0.032979333,0.00355695,36.2142
1574274764,0.665089737,0.00355005,0.21307305,0.0447028,0.125619217,0.032962067,0.00355695,36.2142
1574274765,0.666687273,0.0035329,0.213090225,0.0447544,0.1253967,0.032979333,0.003539766,36.2142
1574274766,0.692922365,0.0035329,0.21369135,0.0446856,0.125225533,0.0329966,0.003539766,36.2142
1574274767,0.771556637,0.0035672,0.180492075,0.0446684,0.125020133,0.0329448,0.003574134,36.2142
1574274768,0.858941856,0.0035329,0.072667425,0.0445996,0.124900317,0.033031133,0.003539766,36.2142
1574274769,1.268905094,0.0035329,0.0730968,0.0442556,0.077504267,0.032806667,0.003539766,36.2142
1574274770,1.174330963,0.0035329,0.0731655,0.0442728,0.00559715,0.032910267,0.003539766,36.2142
1574274771,1.16976911,0.0034986,0.073148325,0.0445652,0.005580033,0.032754867,0.0035054,36.2142
1574274772,1.131570249,0.00351575,0.0729594,0.0446684,0.005562917,0.032668533,0.003522584,36.2142
1574274773,1.027730409,0.00351575,0.07292505,0.0445652,0.005511567,0.0328412,0.003522584,36.2142
1574274774,0.703217596,0.00351575,0.072736125,0.0445136,0.005425983,0.032910267,0.003522584,36.06075
1574274775,0.378775786,0.00355005,0.0724785,0.0450296,0.005254817,0.032962067,0.00355695,36.06075
1574274776,0.379326048,0.0035329,0.072461325,0.044806,0.00528905,0.033013867,0.003539766,36.06075
1574274777,0.37854503,0.00355005,0.0724098,0.0447372,0.005665617,0.032979333,0.00355695,36.06075
1574274778,0.376840992,0.0035329,0.072392625,0.0447372,0.005271933,0.033031133,0.003539766,36.06075
1574274779,0.390846057,0.00355005,0.0724785,0.0563988,0.005271933,0.032979333,0.00355695,36.06075
1574274780,0.405046378,0.0035329,0.07237545,0.07267,0.0052377,0.032927533,0.003539766,36.06075
1574274781,0.406537412,0.00355005,0.072598725,0.0715176,0.0052377,0.032927533,0.00355695,36.06075
1574274782,0.410211744,0.00355005,0.0726846,0.0747856,0.0056485,0.0329966,0.00355695,36.06075
1574274783,0.4592916,0.0035329,0.072736125,0.097954,0.005254817,0.033031133,0.003539766,36.06075
1574274784,0.567480288,0.0035329,0.072770475,0.0926392,0.005306167,0.0329966,0.003539766,36.06075
1574274785,0.75396599,0.0035329,0.0730281,0.0897152,0.005357517,0.032910267,0.003539766,36.06075
1574274786,1.221351772,0.0034986,0.0734403,0.0877888,0.005562917,0.032893,0.0035054,36.06075
1574274787,1.220872512,0.0035329,0.073388775,0.0873072,0.005973717,0.032858467,0.003539766,36.06075
1574274788,1.21499713,0.0034986,0.073251375,0.0826804,0.005562917,0.032858467,0.0035054,36.06075
1574274789,1.176709517,0.0035329,0.07340595,0.0815624,0.005528683,0.032858467,0.003539766,36.06075
1574274790,1.069834359,0.00351575,0.073217025,0.0783976,0.005511567,0.032720333,0.003522584,36.06075
1574274791,0.742800989,0.0035329,0.0730281,0.0811324,0.005408867,0.032893,0.003539766,36.06075
1574274792,0.427039124,0.00355005,0.072770475,0.079292,0.0056485,0.0329966,0.00355695,36.06075
1574274793,0.420666729,0.0035672,0.0727533,0.082216,0.005271933,0.032962067,0.003574134,36.06075
1574274794,0.615885628,0.00351575,0.094376625,0.073874,0.150027583,0.032979333,0.003522584,36.06075
1574274795,0.664894483,0.0035329,0.10095465,0.0805648,0.175445833,0.032893,0.003539766,36.06075
1574274796,0.890821574,0.0035329,0.436914825,0.077228,0.092087667,0.032927533,0.003539766,36.06075
1574274797,0.870071357,0.00358435,0.5174484,0.0789136,0.011177183,0.0329966,0.003591316,36.06075
1574274798,0.847670352,0.00355005,0.51514695,0.0686452,0.005374633,0.0330484,0.00355695,36.06075
1574274799,0.846818333,0.0035672,0.5130516,0.0683528,0.004912483,0.033013867,0.003574134,36.06075
1574274800,0.9119623,0.00355005,0.511351275,0.0695396,0.004946717,0.033013867,0.00355695,36.06075
1574274801,1.026967143,0.0035672,0.510320775,0.0673724,0.00498095,0.032979333,0.003574134,36.06075
1574274802,1.481661389,0.00355005,0.50559765,0.0733924,0.005580033,0.032858467,0.00355695,36.06075
1574274803,1.623504835,0.0034986,0.50333055,0.0665296,0.0052377,0.032823933,0.0035054,36.06075
1574274804,1.623451584,0.0035329,0.502763775,0.066392,0.005271933,0.032823933,0.003539766,36.06075
1574274805,1.630729248,0.0035329,0.501836325,0.0735816,0.0052377,0.0328412,0.003539766,36.06075
1574274806,1.557828356,0.0035329,0.50113215,0.0821816,0.005220583,0.032754867,0.003539766,36.06075
1574274807,1.49905678,0.00355005,0.500393625,0.0823536,0.00559715,0.0328412,0.00355695,36.06075
1574274808,0.964947244,0.0035672,0.504258,0.0830244,0.004963833,0.0329966,0.003574134,36.06075
1574274809,0.931256986,0.0035672,0.504790425,0.0825084,0.004895367,0.122213467,0.003574134,36.06075
1574274810,0.888141264,0.0035329,0.504137775,0.068542,0.004895367,0.0931882,0.003539766,36.06075
1574274811,0.833274778,0.0035329,0.503072925,0.0659448,0.004912483,0.0329448,0.003539766,36.06075
1574274812,0.833221526,0.0035672,0.502626375,0.0680088,0.004912483,0.032927533,0.003574134,36.06075
1574274813,0.838919405,0.0035672,0.502523325,0.0675272,0.008849317,0.033065667,0.003574134,36.06075
1574274814,0.829582694,0.0035672,0.5020596,0.0654288,0.0049296,0.033013867,0.003574134,36.06075
1574274815,0.832369507,0.0035672,0.502523325,0.0653256,0.0049296,0.033013867,0.003574134,36.06075
1574274816,0.901205558,0.0035329,0.502008075,0.06536,0.0592579,0.033013867,0.003539766,36.06075
1574274817,1.014044851,0.00358435,0.501458475,0.0652052,0.1473745,0.0330484,0.003591316,36.06075
1574274818,1.066284278,0.00355005,0.501149325,0.065102,0.141640417,0.033013867,0.00355695,36.06075
1574274819,1.17862656,0.00358435,0.50078865,0.065016,0.140716117,0.032979333,0.003591316,36.06075
1574274820,1.700772326,0.0035329,0.4967697,0.0648096,0.1401855,0.032806667,0.003539766,36.06075
1574274821,1.801363843,0.0035329,0.495515925,0.0648784,0.14013415,0.0327376,0.003539766,36.06075
1574274822,1.790216592,0.00355005,0.4954644,0.0648956,0.139346783,0.0328412,0.00355695,36.06075
1574274823,1.751733724,0.00355005,0.495206775,0.0646204,0.139072917,0.0328412,0.00355695,36.06075
1574274824,1.64455681,0.0035329,0.49474305,0.0645172,0.138781933,0.032806667,0.003539766,36.06075
1574274825,1.320061748,0.00355005,0.497508225,0.0559172,0.136762167,0.032875733,0.00355695,36.06075
1574274826,0.97272192,0.00355005,0.499191375,0.0450296,0.1332019,0.032962067,0.00355695,36.06075
1574274827,0.970201364,0.00355005,0.499122675,0.0452016,0.131456,0.0329448,0.00355695,36.06075
1574274828,0.967237046,0.0035672,0.498607425,0.044978,0.1302236,0.0329966,0.003574134,36.06075
1574274829,0.966615782,0.0035672,0.4986246,0.045064,0.12955605,0.032927533,0.003574134,36.06075
1574274830,0.966367277,0.00355005,0.498366975,0.0449952,0.12945335,0.032979333,0.00355695,36.06075
1574274831,0.96695304,0.00355005,0.4990368,0.0450296,0.1286831,0.0330484,0.00355695,36.06075
1574274832,0.96384672,0.00355005,0.498057825,0.0449608,0.128032667,0.032962067,0.00355695,36.30627
1574274833,0.964112976,0.00355005,0.4986246,0.0453048,0.127690333,0.0329448,0.00355695,36.30627
1574274834,0.96251544,0.0035672,0.498401325,0.0450124,0.127279533,0.033031133,0.003574134,36.30627
1574274835,0.963633715,0.0035329,0.497920425,0.0449436,0.127416467,0.0329448,0.003539766,36.30627
1574274836,0.963864471,0.00355005,0.498195225,0.0450124,0.126902967,0.0330484,0.00355695,36.30627
1574274837,0.962568691,0.0035672,0.49797195,0.0449952,0.126509283,0.033013867,0.003574134,36.30627
1574274838,1.027872413,0.0035672,0.50758995,0.044978,0.126098483,0.032858467,0.003574134,36.30627
1574274839,1.018979463,0.0036015,0.46334715,0.0449436,0.1259102,0.0329448,0.0036085,36.30627
1574274840,1.001779325,0.0036015,0.44383635,0.0449264,0.126235417,0.032875733,0.0036085,36.30627
1574274841,0.62706838,0.0035672,0.0414261,0.0447716,0.125875967,0.032893,0.003574134,36.30627
1574274842,0.716867654,0.0036015,0.021795075,0.0446856,0.125567867,0.032893,0.0036085,36.30627
1574274843,0.862616189,0.0035672,0.022035525,0.0446512,0.125362467,0.032875733,0.003574134,36.30627
1574274844,1.363603478,0.0035672,0.022859925,0.0442556,0.1251913,0.032893,0.003574134,36.30627
1574274845,1.361846189,0.0035329,0.02284275,0.0444448,0.125533633,0.032720333,0.003539766,36.30627
1574274846,1.231096742,0.00355005,0.022619475,0.0443072,0.124848967,0.0327376,0.00355695,36.30627
1574274847,0.981810125,0.00355005,0.022413375,0.0444104,0.029389317,0.032754867,0.00355695,36.30627
1574274848,0.482118614,0.00358435,0.09346635,0.0448404,0.005220583,0.032893,0.003591316,36.30627
1574274849,0.454978253,0.0035672,0.068339325,0.044978,0.005254817,0.032806667,0.003574134,36.30627
1574274850,0.497383959,0.00358435,0.110589825,0.0448748,0.005614267,0.032823933,0.003591316,36.30627
1574274851,0.484674672,0.0035672,0.11696175,0.0449264,0.005220583,0.0328412,0.003574134,36.30627
1574274852,0.458918842,0.0035329,0.1536819,0.0448748,0.00518635,0.0329966,0.003539766,36.30627
1574274853,0.815311372,0.00355005,0.508294125,0.0450468,0.004912483,0.032962067,0.00355695,36.30627
1574274854,0.761190404,0.00355005,0.45579015,0.0449608,0.004963833,0.0329966,0.00355695,36.30627
1574274855,0.631346227,0.0035329,0.3246075,0.0449608,0.00549445,0.032979333,0.003539766,36.30627
1574274856,0.32571984,0.0034986,0.021417225,0.0447544,0.005271933,0.033031133,0.0035054,36.30627
1574274857,0.323802796,0.0034986,0.021417225,0.0447544,0.005306167,0.0329448,0.0035054,36.30627
1574274858,0.323323536,0.00351575,0.0213657,0.0447544,0.00528905,0.033065667,0.003522584,36.30627
1574274859,0.32307503,0.0035329,0.021382875,0.0447716,0.005306167,0.033013867,0.003539766,36.30627
1574274860,0.323856048,0.00351575,0.02133135,0.0447372,0.005682733,0.0329966,0.003522584,36.30627
1574274861,0.324637066,0.00348145,0.021348525,0.0447716,0.005306167,0.033065667,0.003488216,36.30627
1574274862,0.407868692,0.0035329,0.104715975,0.044806,0.0052377,0.032910267,0.003539766,36.30627
1574274863,0.502105565,0.00351575,0.093861375,0.0447716,0.00528905,0.0329448,0.003522584,36.30627
1574274864,0.786928483,0.00351575,0.100937475,0.0446684,0.169129783,0.032875733,0.003522584,36.30627
1574274865,1.698500275,0.00351575,0.4329474,0.0444792,0.1748981,0.032772133,0.003522584,36.30627
1574274866,1.723386336,0.0035329,0.50333055,0.0445824,0.09453535,0.032754867,0.003539766,36.30627
1574274867,1.462331203,0.00351575,0.45757635,0.0445824,0.01104025,0.032720333,0.003522584,36.30627
1574274868,1.333090541,0.0035329,0.39196785,0.0445652,0.005528683,0.0327376,0.003539766,36.30627
1574274869,0.34524528,0.0035329,0.02167485,0.0447888,0.00528905,0.0332038,0.003539766,36.30627
1574274870,0.325222829,0.00355005,0.021588975,0.0449436,0.00569985,0.0331002,0.00355695,36.30627
1574274871,0.325382583,0.0034986,0.02160615,0.044806,0.005271933,0.033272867,0.0035054,36.30627
1574274872,0.324264308,0.00355005,0.021588975,0.044806,0.00528905,0.033152,0.00355695,36.30627
1574274873,0.324761318,0.0035329,0.02160615,0.0448232,0.005271933,0.033238333,0.003539766,36.30627
1574274874,0.324725818,0.00351575,0.021588975,0.044892,0.005271933,0.033117467,0.003522584,36.30627
1574274875,0.398230224,0.00355005,0.091766025,0.0448404,0.005631383,0.033134733,0.00355695,36.30627
1574274876,0.371356118,0.0035329,0.066209625,0.044892,0.0052377,0.033117467,0.003539766,36.30627
1574274877,0.429843686,0.00355005,0.124913775,0.0448748,0.005203467,0.033186533,0.00355695,36.30627
1574274878,0.620305478,0.00355005,0.315212775,0.0451328,0.005066533,0.0331002,0.00355695,36.30627
1574274879,0.817885181,0.00355005,0.5112654,0.0450812,0.004895367,0.033134733,0.00355695,36.30627
1574274880,0.771024125,0.00358435,0.463776525,0.044978,0.005357517,0.0329966,0.003591316,36.30627
1574274881,0.703750108,0.00351575,0.396107025,0.0449436,0.00498095,0.0330484,0.003522584,36.30627
1574274882,0.366386007,0.00355005,0.021588975,0.0447888,0.009157417,0.033065667,0.00355695,36.30627
1574274883,0.510909764,0.00355005,0.02188095,0.0447372,0.0053404,0.033065667,0.00355695,36.30627
1574274884,0.837428371,0.00351575,0.02243055,0.0445824,0.00549445,0.032927533,0.003522584,36.30627
1574274885,1.140285696,0.00351575,0.0229458,0.04429,0.006025067,0.032979333,0.003522584,36.30627
1574274886,1.094028153,0.0035329,0.022859925,0.0443244,0.005580033,0.0328412,0.003539766,36.30627
1574274887,0.979520324,0.00348145,0.022671,0.0443244,0.005528683,0.032927533,0.003488216,36.30627
1574274888,0.683212896,0.00351575,0.0221901,0.0446856,0.005425983,0.0330484,0.003522584,36.30627
1574274889,0.325506835,0.00355005,0.0215718,0.0447888,0.005271933,0.0329966,0.00355695,36.30627
1574274890,0.406892419,0.0035329,0.10164165,0.0448232,0.005631383,0.033031133,0.003539766,36.07098
1574274891,0.370770355,0.00351575,0.065660025,0.0448232,0.0052377,0.033082933,0.003522584,36.07098
1574274892,0.43222224,0.00355005,0.12712935,0.0448404,0.005203467,0.0331002,0.00355695,36.07098
1574274893,0.691218327,0.0035329,0.38544135,0.0454424,0.004998067,0.032927533,0.003539766,36.07098
1574274894,0.816802406,0.0035672,0.5116089,0.0452016,0.004895367,0.0329966,0.003574134,36.07098
1574274895,0.839540668,0.0035672,0.50745255,0.0450812,0.024151617,0.033031133,0.003574134,36.07098
1574274896,0.945830064,0.00355005,0.457902675,0.0449092,0.145149333,0.033117467,0.00355695,36.07098
1574274897,0.792484358,0.00355005,0.318029475,0.0449952,0.1364883,0.032962067,0.00355695,36.07098
1574274898,0.490727559,0.00351575,0.02146875,0.0446856,0.134400067,0.0329966,0.003522584,36.07098
1574274899,0.48946728,0.00351575,0.021451575,0.0447716,0.133082083,0.032858467,0.003522584,36.07098
1574274900,0.526246109,0.00355005,0.021554625,0.04472,0.132260483,0.033031133,0.00355695,36.07098
1574274901,0.672686909,0.0035329,0.021863775,0.0447716,0.131541583,0.033013867,0.003539766,36.07098
1574274902,0.976857764,0.0035329,0.02236185,0.0444104,0.131010967,0.0329448,0.003539766,36.07098
1574274903,1.289300304,0.00351575,0.02291145,0.04429,0.130514583,0.032823933,0.003522584,36.07098
1574274904,1.278951821,0.0034986,0.02291145,0.0442212,0.130035317,0.032927533,0.0035054,36.07098
1574274905,1.361881689,0.00351575,0.10198515,0.0442212,0.129402,0.032893,0.003522584,36.07098
1574274906,1.321109021,0.00351575,0.066415725,0.044204,0.129008317,0.032893,0.003522584,36.07098
1574274907,1.371520156,0.00351575,0.117906375,0.04429,0.128546167,0.032806667,0.003522584,36.07098
1574274908,1.371892915,0.0034986,0.119383425,0.0442212,0.128135367,0.032858467,0.0035054,36.07098
1574274909,1.401607084,0.0034986,0.146897775,0.0442212,0.127775917,0.032703067,0.0035054,36.07098
1574274910,1.760697677,0.00351575,0.510114675,0.0445136,0.127313767,0.0326858,0.003522584,36.07098
1574274911,1.753828272,0.00351575,0.505168275,0.0444964,0.126920083,0.0326858,0.003522584,36.07098
1574274912,1.746266602,0.00351575,0.503141625,0.0445136,0.126766033,0.0327376,0.003522584,36.07098
1574274913,1.743391037,0.00351575,0.5017161,0.0444792,0.1264237,0.032806667,0.003522584,36.07098
1574274914,1.739929709,0.0034986,0.50071995,0.0444964,0.126184067,0.032668533,0.0035054,36.07098
1574274915,1.736521632,0.00351575,0.499534875,0.0445136,0.125893083,0.032547667,0.003522584,36.07098
1574274916,1.73290055,0.00351575,0.4985559,0.0444448,0.1256021,0.032668533,0.003522584,36.07098
1574274917,1.728516201,0.00351575,0.498075,0.044548,0.125465167,0.032668533,0.003522584,36.07098
1574274918,1.72354609,0.00351575,0.498023475,0.0445136,0.125259767,0.032564933,0.003522584,36.07098
1574274919,1.72221481,0.00351575,0.497302125,0.0445996,0.125105717,0.0325822,0.003522584,36.07098
1574274920,1.719072989,0.0035672,0.496958625,0.044548,0.124900317,0.0327376,0.003574134,36.07098
1574274921,1.720865779,0.0035329,0.49680405,0.0445136,0.124694917,0.0326858,0.003539766,36.07098
1574274922,1.720209014,0.0035329,0.4961514,0.0445136,0.124609333,0.032720333,0.003539766,36.07098
1574274923,1.608434745,0.00355005,0.496615125,0.0445996,0.040652083,0.032668533,0.00355695,36.07098
1574274924,1.561520438,0.00351575,0.496305975,0.04472,0.0052377,0.032599467,0.003522584,36.07098
1574274925,1.496500723,0.00351575,0.49591095,0.0445996,0.005203467,0.032634,0.003522584,36.07098
1574274926,1.447882377,0.00351575,0.495515925,0.0446168,0.00518635,0.0327376,0.003522584,36.07098
1574274927,0.904152125,0.00355005,0.499363125,0.0449608,0.004963833,0.0328412,0.00355695,36.07098
1574274928,0.804856388,0.00355005,0.4999986,0.0450812,0.004912483,0.032910267,0.00355695,36.07098
1574274929,0.805690656,0.0035329,0.49920855,0.044978,0.004912483,0.032823933,0.003539766,36.07098
1574274930,0.804164122,0.0035329,0.4990368,0.044978,0.005323283,0.0327894,0.003539766,36.07098
1574274931,0.941427965,0.0035329,0.49962075,0.0450468,0.00487825,0.181213667,0.003539766,36.07098
1574274932,0.81028801,0.00355005,0.49886505,0.0449952,0.0049296,0.0399896,0.00355695,36.07098
1574274933,0.975544233,0.0035329,0.499019625,0.0449264,0.00498095,0.032858467,0.003539766,36.07098
1574274934,1.279519834,0.00355005,0.496649475,0.0447544,0.005135,0.0327376,0.00355695,36.07098
1574274935,1.596524227,0.0035329,0.494244975,0.0445652,0.0056485,0.0327376,0.003539766,36.07098
1574274936,1.569827625,0.00351575,0.4934034,0.0445824,0.005254817,0.032754867,0.003522584,36.07098
1574274937,1.590613344,0.00355005,0.49330035,0.0445996,0.005254817,0.032668533,0.00355695,36.07098
1574274938,1.544515556,0.0035329,0.493386225,0.044892,0.005220583,0.0325822,0.003539766,36.07098
1574274939,1.541125228,0.00351575,0.493729725,0.0445996,0.0052377,0.032754867,0.003522584,36.07098
1574274940,1.587578026,0.0035329,0.4938156,0.04472,0.0056485,0.0327376,0.003539766,36.07098
1574274941,1.539296938,0.0035329,0.493832775,0.0445996,0.005220583,0.032754867,0.003539766,36.07098
1574274942,1.549538918,0.00351575,0.493626675,0.0447028,0.005220583,0.032634,0.003522584,36.07098
1574274943,1.550745946,0.00351575,0.493351875,0.0446168,0.0052377,0.032668533,0.003522584,36.07098
1574274944,1.444722807,0.00351575,0.49357515,0.0446512,0.005203467,0.0327376,0.003522584,36.07098
1574274945,1.405600924,0.00351575,0.493077075,0.0446512,0.005580033,0.032754867,0.003522584,36.07098
1574274946,0.847244343,0.0035329,0.497783025,0.0450296,0.004912483,0.032927533,0.003539766,36.07098
1574274947,0.964166227,0.0035329,0.49714755,0.044978,0.00498095,0.032858467,0.003539766,36.07098
1574274948,1.465082515,0.0035329,0.502248525,0.0446856,0.005169233,0.032651267,0.003539766,35.79477
1574274949,1.547515372,0.00351575,0.491874825,0.0445652,0.0052377,0.0327894,0.003522584,35.79477
1574274950,1.547142614,0.00355005,0.492080925,0.044634,0.005631383,0.0327894,0.00355695,35.79477
1574274951,1.541213981,0.00351575,0.473016675,0.0445824,0.005254817,0.032806667,0.003522584,35.79477
1574274952,1.48790953,0.0035329,0.443681775,0.0445652,0.005271933,0.0327894,0.003539766,35.79477
1574274953,1.182229891,0.00351575,0.17439495,0.0443932,0.005460217,0.0327894,0.003522584,35.79477
1574274954,0.971958653,0.0034986,0.0223275,0.044376,0.0055458,0.032927533,0.0035054,35.79477
1574274955,0.551078918,0.00351575,0.021623325,0.0446168,0.005785433,0.032962067,0.003522584,35.79477
1574274956,0.325045325,0.0035329,0.021176775,0.0448576,0.005306167,0.0329966,0.003539766,35.79477
1574274957,0.323305786,0.00351575,0.0211596,0.0447544,0.005306167,0.032910267,0.003522584,35.79477
1574274958,0.32259577,0.0035329,0.02112525,0.0447888,0.00528905,0.032893,0.003539766,35.79477
1574274959,0.365871244,0.0035329,0.06248265,0.0447716,0.005271933,0.032910267,0.003539766,35.79477
1574274960,0.39049105,0.0035329,0.087437925,0.0448576,0.005665617,0.032962067,0.003539766,35.79477
1574274961,0.534979306,0.00358435,0.12074025,0.0452016,0.005203467,0.032668533,0.003591316,35.79477
1574274962,0.632961514,0.0035672,0.2358471,0.044892,0.005100767,0.032823933,0.003574134,35.79477
1574274963,1.000128538,0.0035672,0.507229275,0.0450124,0.0049296,0.032772133,0.003574134,35.79477
1574274964,1.054764269,0.00355005,0.468035925,0.0448576,0.00498095,0.0327376,0.00355695,35.79477
1574274965,1.597322995,0.0035672,0.442376475,0.0444964,0.005254817,0.032599467,0.003574134,35.79477
1574274966,1.220943514,0.00355005,0.04152915,0.04429,0.005562917,0.032772133,0.00355695,35.79477
1574274967,1.15558654,0.0035672,0.022482075,0.0442728,0.005562917,0.032823933,0.003574134,35.79477
1574274968,1.114334611,0.00351575,0.022413375,0.0443072,0.0055458,0.0326858,0.003522584,35.79477
1574274969,1.058722608,0.00355005,0.02229315,0.0445996,0.0055458,0.032599467,0.00355695,35.79477
1574274970,0.617820422,0.00355005,0.02153745,0.0450124,0.005357517,0.032651267,0.00355695,35.79477
1574274971,0.501324548,0.00358435,0.114093525,0.044892,0.005203467,0.0327894,0.003591316,35.79477
1574274972,0.663687456,0.0035672,0.113234775,0.04472,0.13356135,0.0327894,0.003574134,35.79477
1574274973,0.654297494,0.00355005,0.092727825,0.0446856,0.14362595,0.032806667,0.00355695,35.79477
1574274974,0.985874966,0.00351575,0.494141925,0.0449436,0.140818817,0.032927533,0.003522584,35.79477
1574274975,0.98651398,0.0035329,0.505236975,0.0449608,0.139689117,0.032910267,0.003539766,35.79477
1574274976,1.099726032,0.0034986,0.4674348,0.0448232,0.138816167,0.032875733,0.0035054,35.79477
1574274977,1.417245188,0.00351575,0.4429776,0.0445824,0.138645,0.0327894,0.003522584,35.79477
1574274978,1.258041849,0.0035329,0.040756275,0.0441868,0.137943217,0.032806667,0.003539766,35.79477
1574274979,1.236528364,0.0034986,0.02243055,0.0441524,0.137429717,0.0328412,0.0035054,35.79477
1574274980,1.228043674,0.0034986,0.02243055,0.0441696,0.136197317,0.0327894,0.0035054,35.79477
1574274981,1.13334529,0.00348145,0.0222588,0.044204,0.13212355,0.032806667,0.003488216,35.79477
1574274982,0.920890752,0.0034986,0.02188095,0.0443416,0.1303263,0.032754867,0.0035054,35.79477
1574274983,0.552960461,0.0034986,0.0904092,0.0448232,0.129384883,0.032927533,0.0035054,35.79477
1574274984,0.527719392,0.0034986,0.066140925,0.0447028,0.1288885,0.033013867,0.0035054,35.79477
1574274985,0.580988343,0.0034986,0.11648085,0.0448576,0.129025433,0.032858467,0.0035054,35.79477
1574274986,0.57557447,0.0035329,0.111448575,0.0446856,0.128289417,0.032927533,0.003539766,35.79477
1574274987,0.553173466,0.0035329,0.09147405,0.0447544,0.1277588,0.032910267,0.003539766,35.79477
1574274988,0.920873002,0.00351575,0.460169775,0.0448748,0.127005667,0.032858467,0.003522584,35.79477
1574274989,0.973023677,0.00348145,0.45826335,0.0448232,0.1266291,0.0327894,0.003488216,35.79477
1574274990,0.708560467,0.0035329,0.107189175,0.0446512,0.127057017,0.0329966,0.003539766,35.79477
1574274991,1.180987363,0.0034986,0.0223962,0.0442212,0.1266291,0.032858467,0.0035054,35.79477
1574274992,1.223055811,0.0034986,0.02243055,0.0441524,0.126149833,0.032858467,0.0035054,35.79477
1574274993,1.219505731,0.00348145,0.022447725,0.0442384,0.125773267,0.032858467,0.003488216,35.79477
1574274994,1.21190856,0.0034986,0.022379025,0.0441868,0.125465167,0.032893,0.0035054,35.79477
1574274995,1.211535802,0.00348145,0.1068972,0.0442384,0.12555075,0.032823933,0.003488216,35.79477
1574274996,0.986070221,0.00348145,0.092968275,0.0443416,0.125003017,0.032893,0.003488216,35.79477
1574274997,0.557824071,0.00351575,0.101109225,0.04472,0.12452375,0.0329966,0.003522584,35.79477
1574274998,0.842380733,0.0035329,0.454845525,0.0449436,0.069955817,0.0329966,0.003539766,35.79477
1574274999,0.812577812,0.0035329,0.509015475,0.0450468,0.004895367,0.0329966,0.003539766,35.79477
1574275000,0.80897448,0.0035329,0.505374375,0.0450124,0.005306167,0.032927533,0.003539766,35.79477
1574275001,0.759859124,0.00351575,0.45627105,0.0449264,0.004946717,0.032979333,0.003522584,35.79477
1574275002,0.626429366,0.0034986,0.3248823,0.0451844,0.005066533,0.032823933,0.0035054,35.79477
1574275003,0.323394538,0.00351575,0.0212283,0.0447372,0.005306167,0.033117467,0.003522584,35.79477
1574275004,0.433234012,0.00351575,0.021382875,0.0446512,0.005323283,0.0331002,0.003522584,35.79477
1574275005,0.628009152,0.00351575,0.021760725,0.0445996,0.005819667,0.0331002,0.003522584,35.79477
1574275006,1.148788138,0.0034986,0.091628625,0.0442728,0.0055458,0.032979333,0.0035054,35.86638
1574275007,1.116535661,0.00351575,0.06667335,0.0442728,0.0055458,0.032979333,0.003522584,35.86638
1574275008,1.162757703,0.00351575,0.117185025,0.04429,0.005528683,0.032962067,0.003522584,35.86638
1574275009,1.120138992,0.0035329,0.112376025,0.04429,0.00549445,0.033013867,0.003539766,35.86638
1574275010,1.052527719,0.00348145,0.09896235,0.0443244,0.00590525,0.033013867,0.003488216,35.86638
1574275011,1.013370336,0.0035329,0.50140695,0.0449264,0.004998067,0.0331002,0.003539766,35.86638
1574275012,0.792377856,0.0035329,0.48931575,0.045236,0.0049296,0.033031133,0.003539766,35.86638
1574275013,0.761847168,0.0035329,0.457318725,0.0451844,0.00498095,0.032979333,0.003539766,35.86638
1574275014,0.481674855,0.0034986,0.179186775,0.044806,0.005169233,0.033082933,0.0035054,35.86638
1574275015,0.325329332,0.0035329,0.02126265,0.04472,0.00569985,0.033134733,0.003539766,35.86638
1574275016,0.323873798,0.00348145,0.021245475,0.0447028,0.005306167,0.033117467,0.003488216,35.86638
1574275017,0.323447789,0.0035329,0.021314175,0.0447372,0.005323283,0.033169267,0.003539766,35.86638
1574275018,0.322453767,0.0034986,0.021297,0.044806,0.00528905,0.033134733,0.0035054,35.86638
1574275019,0.413779575,0.0035329,0.110692875,0.04472,0.005220583,0.033117467,0.003539766,35.86638
1574275020,0.534553296,0.00351575,0.230471325,0.044892,0.0055458,0.033065667,0.003522584,35.86638
1574275021,0.817157415,0.0035329,0.510801675,0.0449952,0.004912483,0.0330484,0.003539766,35.86638
1574275022,0.812293805,0.0035329,0.5077617,0.0450296,0.0049296,0.033031133,0.003539766,35.86638
1574275023,0.810891523,0.00355005,0.5064564,0.044978,0.004912483,0.032962067,0.00355695,35.86638
1574275024,0.823015047,0.0035329,0.505202625,0.0449092,0.0049296,0.032927533,0.003539766,35.86638
1574275025,0.816589401,0.0034986,0.504258,0.0449092,0.0053404,0.032927533,0.0035054,35.86638
1574275026,0.790230057,0.0034986,0.48409455,0.0448576,0.004912483,0.032910267,0.0035054,35.86638
1574275027,0.759024854,0.00351575,0.45448485,0.0447716,0.004963833,0.032858467,0.003522584,35.86638
1574275028,0.48059208,0.00351575,0.1781391,0.0446684,0.005169233,0.032962067,0.003522584,35.86638
1574275029,0.322720023,0.00351575,0.02133135,0.0445824,0.00528905,0.0329448,0.003522584,35.86638
1574275030,0.323998052,0.0035329,0.021314175,0.0445996,0.005716967,0.032979333,0.003539766,35.86638
1574275031,0.324335308,0.0034986,0.02133135,0.044634,0.005306167,0.032910267,0.0035054,35.86638
1574275032,0.403963603,0.0035329,0.100697025,0.0446168,0.0052377,0.032893,0.003539766,35.86638
1574275033,0.365906746,0.00351575,0.064286025,0.044634,0.005271933,0.0327376,0.003522584,35.86638
1574275034,0.430216445,0.0035329,0.12644235,0.0445824,0.005203467,0.032754867,0.003539766,35.86638
1574275035,0.675597974,0.0034986,0.36812895,0.0447544,0.0054431,0.032668533,0.0035054,35.86638
1574275036,0.814672358,0.0035329,0.507469725,0.044806,0.004912483,0.0326858,0.003539766,35.86638
1574275037,0.810430013,0.0035329,0.505546125,0.0449092,0.004912483,0.032513133,0.003539766,35.86638
1574275038,0.773171924,0.00351575,0.4688775,0.04472,0.0049296,0.032564933,0.003522584,35.86638
1574275039,0.752332954,0.0035329,0.448181625,0.0447372,0.004963833,0.032461333,0.003539766,35.86638
1574275040,0.344144755,0.00351575,0.0412887,0.0444792,0.00569985,0.0325304,0.003522584,35.86638
1574275041,0.324140054,0.00351575,0.02140005,0.0444276,0.00528905,0.032461333,0.003522584,35.86638
1574275042,0.321424243,0.0035329,0.021279825,0.0443244,0.005323283,0.032254133,0.003539766,35.86638
1574275043,0.321459744,0.00351575,0.021279825,0.044204,0.00528905,0.0321678,0.003522584,35.86638
1574275044,0.407744438,0.0035329,0.1076529,0.0441524,0.0052377,0.032081467,0.003539766,35.86638
1574275045,0.393987878,0.00351575,0.091456875,0.0440664,0.0056485,0.0320642,0.003522584,35.86638
1574275046,0.404158857,0.00351575,0.1022256,0.0439976,0.0052377,0.031977867,0.003522584,35.86638
1574275047,0.740457936,0.00351575,0.439250625,0.0441524,0.004963833,0.0319088,0.003522584,35.86638
1574275048,0.809595744,0.00351575,0.508294125,0.0441868,0.004912483,0.031874267,0.003522584,35.86638
1574275049,0.925008844,0.0035329,0.5033649,0.0440664,0.098301017,0.031839733,0.003539766,35.86638
1574275050,0.930972979,0.0034986,0.4545192,0.0439632,0.1403909,0.031874267,0.0035054,35.86638
1574275051,0.788792275,0.00351575,0.320056125,0.0439116,0.134759517,0.031926067,0.003522584,35.86638
1574275052,0.484088908,0.00351575,0.021245475,0.0437568,0.133013617,0.031977867,0.003522584,35.86638
1574275053,0.481852358,0.0034986,0.021279825,0.0438428,0.1317641,0.031977867,0.0035054,35.86638
1574275054,0.480219322,0.00355005,0.021279825,0.0438772,0.131010967,0.031926067,0.00355695,35.86638
1574275055,0.482739879,0.0034986,0.02126265,0.043774,0.13078845,0.0320124,0.0035054,35.86638
1574275056,0.567001027,0.00351575,0.10727505,0.044032,0.129829917,0.031787933,0.003522584,35.86638
1574275057,0.550493155,0.0034986,0.091559925,0.0437396,0.1291966,0.0319606,0.0035054,35.86638
1574275058,0.548238855,0.00351575,0.090392025,0.0437568,0.128614633,0.031995133,0.003522584,35.86638
1574275059,0.578840544,0.0035329,0.1207059,0.0437396,0.128049783,0.031926067,0.003539766,35.86638
1574275060,0.677124508,0.0034986,0.220612875,0.0439804,0.12750205,0.031787933,0.0035054,35.86638
1574275061,0.970662874,0.0035329,0.510836025,0.0439976,0.126817383,0.031839733,0.003539766,35.86638
1574275062,0.96429048,0.00351575,0.50710905,0.044032,0.126389467,0.0317534,0.003522584,35.86638
1574275063,0.963456211,0.0035329,0.50566635,0.0439804,0.126149833,0.031839733,0.003539766,35.86638
1574275064,0.915849638,0.00351575,0.46073655,0.043946,0.125875967,0.0319088,0.003522584,35.63109
1574275065,0.846942585,0.0034986,0.389030925,0.0438772,0.125584983,0.031943333,0.0035054,35.63109
1574275066,0.475355712,0.0034986,0.021297,0.0438256,0.1254994,0.031857,0.0035054,35.63109
1574275067,0.474468192,0.00351575,0.021245475,0.0436708,0.12534535,0.031977867,0.003522584,35.63109
1574275068,0.473527421,0.0035329,0.0212283,0.0436364,0.124968783,0.031926067,0.003539766,35.63109
1574275069,0.54312674,0.00351575,0.090357675,0.0436536,0.124592217,0.031857,0.003522584,35.63109
1574275070,0.519554208,0.00351575,0.06694815,0.0436708,0.124301233,0.031857,0.003522584,35.63109
1574275071,0.420737731,0.00348145,0.11428245,0.0437396,0.010663683,0.031787933,0.003488216,35.63109
1574275072,0.317572406,0.00351575,0.0211596,0.0437912,0.005271933,0.031839733,0.003522584,35.63109
1574275073,0.318371174,0.00355005,0.021245475,0.0437224,0.005271933,0.031977867,0.00355695,35.63109
1574275074,0.317554656,0.00351575,0.021211125,0.0437568,0.005271933,0.031926067,0.003522584,35.63109
1574275075,0.320891731,0.0034986,0.0212283,0.0437568,0.005665617,0.031943333,0.0035054,35.63109
1574275076,0.320447971,0.00351575,0.02126265,0.0437568,0.005271933,0.031977867,0.003522584,35.63109
1574275077,0.319116691,0.0034986,0.021245475,0.0437396,0.00528905,0.031977867,0.0035054,35.63109
1574275078,0.315886118,0.00351575,0.021176775,0.0438256,0.005254817,0.031770667,0.003522584,35.63109
1574275079,0.316578384,0.0035329,0.02112525,0.0437912,0.005271933,0.031787933,0.003539766,35.63109
1574275080,0.317164147,0.0034986,0.0210909,0.0436364,0.0056485,0.031822467,0.0035054,35.63109
1574275081,0.395869421,0.0035672,0.0211596,0.0436708,0.005254817,0.031684333,0.003574134,35.63109
1574275082,0.411241267,0.0035672,0.021245475,0.0438084,0.005271933,0.031598,0.003574134,35.63109
1574275083,0.415181856,0.00358435,0.02126265,0.0437912,0.005271933,0.0317016,0.003591316,35.63109
1574275084,0.415554614,0.0036015,0.0212283,0.0438084,0.005254817,0.031667067,0.0036085,35.63109
1574275085,0.415270608,0.0035672,0.0210909,0.0436364,0.005665617,0.031580733,0.003574134,35.63109
1574275086,0.410886259,0.00355005,0.021211125,0.0437224,0.005254817,0.031667067,0.00355695,35.63109
1574275087,0.409040218,0.00358435,0.021279825,0.0436708,0.005271933,0.0317534,0.003591316,35.63109
1574275088,0.405987149,0.00358435,0.021348525,0.0437052,0.005271933,0.031718867,0.003591316,35.63109
1574275089,0.402667824,0.0035672,0.021297,0.0438428,0.005254817,0.031511667,0.003574134,35.63109
1574275090,0.403111584,0.00355005,0.021297,0.0435504,0.005682733,0.031736133,0.00355695,35.63109
1574275091,0.402135312,0.00355005,0.021279825,0.0435332,0.005271933,0.0317016,0.00355695,35.63109
1574275092,0.399206496,0.0035329,0.021245475,0.0434988,0.005271933,0.031684333,0.003539766,35.63109
1574275093,0.398176973,0.0035672,0.021211125,0.0436192,0.005254817,0.031459867,0.003574134,35.63109
1574275094,0.359765107,0.0034986,0.021176775,0.0434644,0.005271933,0.031598,0.0035054,35.63109
1574275095,0.319116691,0.00344715,0.0211596,0.04343,0.005682733,0.0317534,0.00345385,35.63109
1574275096,0.319134442,0.0033957,0.021211125,0.0433956,0.005306167,0.031822467,0.0034023,35.63109
1574275097,0.317661159,0.0032242,0.02126265,0.0433784,0.00528905,0.031770667,0.003230466,35.63109
1574275098,0.316720387,0.0032585,0.021245475,0.0433612,0.005306167,0.031787933,0.003264834,35.63109
1574275099,0.317554656,0.00324135,0.02126265,0.0433268,0.00528905,0.0318052,0.00324765,35.63109
1574275100,0.317341652,0.0032585,0.0212283,0.043344,0.005682733,0.031770667,0.003264834,35.63109
1574275101,0.31821142,0.00303555,0.0212283,0.043258,0.005271933,0.031684333,0.00304145,35.63109
1574275102,0.316489632,0.00276115,0.0212283,0.0432408,0.00528905,0.031718867,0.002766516,35.63109
1574275103,0.316134624,0.0026754,0.021211125,0.043258,0.005271933,0.031684333,0.0026806,35.63109
1574275104,0.315442358,0.0021952,0.021245475,0.0431204,0.00528905,0.031684333,0.002199466,35.63109
1574275105,0.317341652,0.0014749,0.021245475,0.043,0.00569985,0.031684333,0.001477766,35.63109
1574275106,0.315868368,0.00121765,0.021211125,0.0429484,0.005271933,0.031615267,0.001220016,35.63109
1574275107,0.314412836,0.00084035,0.021176775,0.0428796,0.005306167,0.031563467,0.000841984,35.63109
1574275108,0.313649568,0.00080605,0.021142425,0.0428108,0.005271933,0.031615267,0.000807616,35.63109
1574275109,0.311182262,0.00077175,0.02119395,0.0429828,0.00528905,0.031408067,0.00077325,35.63109
1574275110,0.313649568,0.00066885,0.0211596,0.0428452,0.005682733,0.031511667,0.00067015,35.63109
1574275111,0.311679274,0.0005145,0.021176775,0.0429484,0.00528905,0.031408067,0.0005155,35.63109
1574275112,0.31105801,0.0001715,0.021245475,0.0429828,0.00528905,0.0314426,0.000171834,35.63109
1574275113,0.312513542,5.15E-05,0.021279825,0.0428624,0.00528905,0.031598,5.16E-05,35.63109
1574275114,0.311856778,0.0004459,0.0212283,0.0428108,0.00528905,0.031580733,0.000446766,35.63109
1574275115,0.316578384,0.00080605,0.021297,0.0428452,0.005682733,0.031718867,0.000807616,35.63109
1574275116,0.316329879,0.00118335,0.021297,0.0428108,0.00528905,0.0317534,0.00118565,35.63109
1574275117,0.313791571,0.0016807,0.021279825,0.0429828,0.00528905,0.031632533,0.001683966,35.63109
1574275118,0.31421758,0.00224665,0.021176775,0.0430172,0.005271933,0.031615267,0.002251016,35.63109
1574275119,0.315247104,0.00183505,0.021211125,0.042914,0.00528905,0.031598,0.001838616,35.63109
1574275120,0.314253082,0.0006174,0.02112525,0.0428452,0.005665617,0.031373533,0.0006186,35.63109
1574275121,0.478675037,0.0004116,0.02112525,0.042742,0.1336127,0.031200867,0.0004124,35.63109
1574275122,0.487905245,0.0018865,0.021073725,0.042742,0.143146683,0.030993667,0.001890166,36.5211
1574275123,0.482899632,0.0032928,0.021108075,0.0427592,0.14054495,0.030734667,0.0032992,36.5211
1574275124,0.481302096,0.00399595,0.021039375,0.0427592,0.13962065,0.030527467,0.004003716,36.5211
1574275125,0.494295389,0.00533365,0.02105655,0.0427764,0.139141383,0.030423867,0.005344016,36.5211
1574275126,0.475621968,0.0101185,0.021039375,0.0427592,0.138935983,0.0303548,0.010138166,36.5211
1574275127,0.462557674,0.01761305,0.0210222,0.042742,0.13623155,0.030303,0.017647284,36.5211
1574275128,0.457871568,0.0160524,0.0208161,0.0426904,0.132619933,0.030182133,0.0160836,36.5211
1574275129,0.451871932,0.0202713,0.02098785,0.042742,0.130959617,0.030285733,0.0203107,36.5211
1574275130,0.450292147,0.0211288,0.021039375,0.042742,0.12965875,0.030337533,0.021169866,36.5211
1574275131,0.457126052,0.01315405,0.021039375,0.0427592,0.12883715,0.030268467,0.013179616,36.5211
1574275132,0.462184916,0.00824915,0.02105655,0.0427076,0.128854267,0.030320267,0.008265184,36.5211
1574275133,0.46284168,0.0072373,0.021073725,0.042742,0.1278615,0.0303548,0.007251366,36.5211
1574275134,0.457339056,0.01030715,0.02105655,0.0427076,0.127279533,0.030320267,0.010327184,36.5211
1574275135,0.453913229,0.0152635,0.02112525,0.0427592,0.1267318,0.030372067,0.015293166,36.5211
1574275136,0.450824659,0.0187621,0.02119395,0.0427936,0.126389467,0.030475667,0.018798566,36.5211
1574275137,0.433926278,0.034986,0.0212283,0.0428108,0.126663333,0.030423867,0.035054,36.5211
1574275138,0.424962327,0.04162305,0.0212283,0.0427936,0.12585885,0.030389333,0.04170395,36.5211
1574275139,0.415678867,0.05145,0.0212283,0.0428108,0.12544805,0.030492933,0.05155,36.5211
1574275140,0.389266272,0.07547715,0.02119395,0.0427936,0.125071483,0.030320267,0.07562385,36.5211
1574275141,0.40293408,0.06309485,0.02105655,0.0427764,0.1246778,0.0303548,0.063217484,36.5211
1574275142,0.543321994,0.07979895,0.021451575,0.0427936,0.125054367,0.030389333,0.07995405,36.5211
1574275143,1.157166327,0.07753515,0.021898125,0.0426732,0.124352583,0.0300958,0.07768585,36.5211
1574275144,2.0790156,0.0673995,0.022207275,0.0427764,0.0402584,0.029526,0.0675305,36.5211
1574275145,1.651497216,0.0686343,0.0222588,0.042656,0.00528905,0.029750467,0.0687677,36.5211
1574275146,1.281632131,0.06875435,0.0222588,0.0425356,0.005408867,0.029871333,0.068887984,36.5211
1574275147,2.460542698,0.07252735,0.0212283,0.0427592,0.00559715,0.0299404,0.072668316,36.5211
1574275148,1.544160547,0.07945595,0.021073725,0.0430688,0.005135,0.0299404,0.079610384,36.5211
1574275149,0.619861719,0.05969915,0.021297,0.0430516,0.005169233,0.029905867,0.059815184,36.5211
1574275150,0.624707578,0.04443565,0.02126265,0.0430344,0.005152117,0.029854067,0.044522016,36.5211
1574275151,0.651049171,0.0787528,0.0212283,0.0430172,0.04565015,0.029871333,0.078905866,36.5211
1574275152,0.620394231,0.06666205,0.0212283,0.0430516,0.0055458,0.029923133,0.066791616,36.5211
1574275153,1.112861328,0.0647584,0.02105655,0.0432064,0.004912483,0.029595067,0.064884266,36.5211
1574275154,1.177650288,0.0911351,0.020970675,0.0432236,0.004861133,0.029698667,0.091312234,36.5211
1574275155,0.907276195,0.1202558,0.0210222,0.0431548,0.004963833,0.029767733,0.120489534,36.5211
1574275156,0.779828324,0.1318149,0.02112525,0.0431204,0.0050323,0.029802267,0.1320711,36.5211
1574275157,0.826636128,0.12092465,0.0210909,0.0431032,0.01976975,0.0298886,0.121159684,36.5211
1574275158,1.086643987,0.12973975,0.021039375,0.0432752,0.004895367,0.0297332,0.129991916,36.5211
1574275159,1.422907564,0.1426537,0.0209535,0.0434644,0.004809783,0.028524533,0.142930966,36.5211
1574275160,0.615459619,0.14610085,0.0210222,0.043086,0.01648335,0.029698667,0.146384816,36.5211
1574275161,0.518400432,0.13656545,0.0507693,0.0430688,0.005169233,0.029785,0.136830884,36.5211
1574275162,0.597904474,0.1130528,0.1075842,0.043086,0.005528683,0.029612333,0.113272534,36.5211
1574275163,0.923322557,0.10590125,0.424514475,0.0432924,0.004861133,0.029595067,0.106107084,36.5211
1574275164,0.983673917,0.1309917,0.5180667,0.043344,0.00477555,0.029560533,0.1312463,36.5211
1574275165,0.994963172,0.1217993,0.5134638,0.0433268,0.004809783,0.0296296,0.122036034,36.5211
1574275166,0.912104304,0.15021685,0.463845225,0.0432408,0.0048269,0.029646867,0.150508816,36.5211
1574275167,0.700750292,0.22265845,0.327819225,0.0431892,0.0053404,0.0295778,0.223091216,36.5211
1574275168,0.374231683,0.24169495,0.021005025,0.0430172,0.005152117,0.0296296,0.242164716,36.5211
1574275169,0.349878135,0.2659279,0.021039375,0.043,0.005152117,0.029785,0.266444766,36.5211
1574275170,0.400147268,0.21363755,0.02098785,0.0429828,0.005152117,0.029612333,0.214052784,36.5211
1574275171,0.496620691,0.1211133,0.02098785,0.0429484,0.005152117,0.029715933,0.1213487,36.5211
1574275172,0.444541018,0.1711913,0.0210222,0.0429828,0.005562917,0.029698667,0.171524034,36.5211
1574275173,0.434583043,0.1816871,0.02098785,0.0429656,0.005169233,0.0296814,0.182040234,36.5211
1574275174,0.424199059,0.1911196,0.021005025,0.0429828,0.005152117,0.029612333,0.191491066,36.5211
1574275175,0.382450118,0.23377165,0.0210222,0.0429828,0.005152117,0.0296814,0.234226016,36.5211
1574275176,0.591620832,0.05818995,0.050099475,0.0429828,0.005135,0.029785,0.05830305,36.5211
1574275177,0.653179219,0.05455415,0.10638195,0.043,0.00549445,0.0296814,0.054660184,36.5211
1574275178,0.992602368,0.047677,0.440178075,0.0431892,0.004844017,0.029508733,0.047769666,36.5211
1574275179,1.061083411,0.0500094,0.514580175,0.0431204,0.00477555,0.029387867,0.0501066,36.5211
1574275180,1.096371206,0.0468195,0.5129142,0.0432408,0.02942355,0.029456933,0.0469105,37.76916
1574275181,1.055563037,0.05352515,0.511626075,0.043344,0.004792667,0.029405133,0.053629184,37.76916
1574275182,1.000856304,0.06206585,0.482565975,0.0432408,0.004809783,0.0294742,0.062186484,37.76916
1574275183,0.983212406,0.07355635,0.46183575,0.0432924,0.0048269,0.029284267,0.073699316,37.76916
1574275184,0.635393318,0.06992055,0.107429625,0.0430516,0.00508365,0.0294742,0.07005645,37.76916
1574275185,0.553794729,0.056252,0.020936325,0.0429828,0.005152117,0.029491467,0.056361334,37.76916
1574275186,0.527115878,0.09036335,0.020901975,0.0429656,0.005152117,0.029560533,0.090538984,37.76916
1574275187,0.48987554,0.11992995,0.020867625,0.043086,0.005152117,0.029405133,0.12016305,37.76916
1574275188,0.40957273,0.19799675,0.020867625,0.0430516,0.005152117,0.029439667,0.198381584,37.76916
1574275189,0.442588474,0.1649144,0.02078175,0.043,0.005152117,0.0293706,0.165234934,37.76916
1574275190,0.348014343,0.272342,0.029180325,0.0430344,0.005169233,0.029526,0.272871334,37.76916
1574275191,0.621867514,0.0899346,0.112272975,0.0431032,0.005100767,0.029646867,0.0901094,37.76916
1574275192,0.62128175,0.093639,0.116360625,0.0431032,0.00508365,0.029560533,0.093821,37.76916
1574275193,0.547777344,0.1122639,0.063839475,0.0431032,0.005152117,0.029767733,0.1124821,37.76916
1574275194,0.525979853,0.2625322,0.127146525,0.0431032,0.058624583,0.029698667,0.263042466,37.76916
1574275195,0.998744007,0.1393266,0.363302775,0.043172,0.1473745,0.029595067,0.1395974,37.76916
1574275196,1.019511975,0.21548975,0.466455825,0.043172,0.141126917,0.029508733,0.215908584,37.76916
1574275197,0.895933689,0.12703005,0.25546095,0.0430516,0.140014333,0.0297332,0.12727695,37.76916
1574275198,0.692176848,0.0937762,0.021211125,0.0429828,0.139483717,0.029974933,0.093958466,37.76916
1574275199,0.698815498,0.08878555,0.0211596,0.043,0.139381017,0.029819533,0.088958116,37.76916
1574275200,0.689798294,0.09636585,0.021108075,0.0429484,0.138251317,0.029750467,0.09655315,37.76916
1574275201,0.691875091,0.09375905,0.02112525,0.043,0.137857633,0.029715933,0.093941284,37.76916
1574275202,0.69846049,0.09955575,0.02112525,0.0429828,0.137583767,0.029802267,0.09974925,37.76916
1574275203,0.87287592,0.09427355,0.089997,0.0430344,0.13684775,0.029405133,0.094456784,37.76916
1574275204,0.89950152,0.0855099,0.1045614,0.0430516,0.1329965,0.029526,0.0856761,37.76916
1574275205,1.292566378,0.08230285,0.5147691,0.043258,0.130497467,0.029197933,0.082462816,37.76916
1574275206,1.287986774,0.08240575,0.51342945,0.0432408,0.129128133,0.0291634,0.082565916,37.76916
1574275207,1.279005072,0.0817712,0.5118837,0.043258,0.12811825,0.0291634,0.081930134,37.76916
1574275208,1.274727226,0.0817712,0.510801675,0.0432064,0.12770745,0.0290598,0.081930134,37.76916
1574275209,1.26874534,0.0830403,0.509393325,0.0432236,0.126902967,0.029077067,0.0832017,37.76916
1574275210,1.237912896,0.0901061,0.489642075,0.0431892,0.126286767,0.0291634,0.090281234,37.76916
1574275211,1.348906147,0.09008895,0.45963735,0.0431204,0.1258075,0.029232467,0.09026405,37.76916
1574275212,1.325706375,0.0927129,0.18428775,0.042914,0.125773267,0.0294224,0.0928931,37.76916
1574275213,1.563774739,0.1010478,0.022619475,0.0426044,0.126030017,0.029456933,0.1012442,37.76916
1574275214,1.587737779,0.09454795,0.02263665,0.0426732,0.125482283,0.029405133,0.094731716,37.76916
1574275215,1.505517926,0.08542415,0.02263665,0.0426044,0.125054367,0.029698667,0.085590184,37.76916
1574275216,1.448698896,0.08333185,0.022619475,0.0426388,0.124746267,0.029802267,0.083493816,37.76916
1574275217,1.450935446,0.0814282,0.02263665,0.042656,0.124540867,0.0299404,0.081586466,37.76916
1574275218,1.465260019,0.076146,0.030829125,0.0426732,0.1062945,0.0296814,0.076294,37.76916
1574275219,1.4688456,0.0754943,0.1139046,0.042742,0.005357517,0.0295778,0.075641034,37.76916
1574275220,1.531486761,0.07160125,0.118971225,0.0427936,0.0053404,0.029353333,0.071740416,37.76916
1574275221,2.401274112,0.0656159,0.162423975,0.0427592,0.005323283,0.029767733,0.065743434,37.76916
1574275222,3.61399919,0.0645526,0.554357475,0.042914,0.004998067,0.029526,0.064678066,37.76916
1574275223,2.872316477,0.064141,0.64519605,0.0429312,0.005374633,0.0293188,0.064265666,37.76916
1574275224,1.9902991,0.0642439,0.60885375,0.0429312,0.004998067,0.029197933,0.064368766,37.76916
1574275225,1.970099146,0.06498135,0.5855301,0.0428796,0.0050323,0.029128867,0.06510765,37.76916
1574275226,1.558520621,0.06271755,0.178637175,0.0426044,0.005357517,0.0292152,0.06283945,37.76916
1574275227,1.546698855,0.0574182,0.160809525,0.0425872,0.0053404,0.029336067,0.0575298,37.76916
1574275228,1.550373188,0.05177585,0.16031145,0.0425356,0.005734083,0.029301533,0.051876484,37.76916
1574275229,1.572401434,0.04916905,0.16024275,0.0425184,0.005357517,0.029249733,0.049264616,37.76916
1574275230,1.5598164,0.04783135,0.168194775,0.0424668,0.0053404,0.029267,0.047924316,37.76916
1574275231,3.132626093,0.0439726,0.2557701,0.0423808,0.005254817,0.029267,0.044058066,37.76916
1574275232,3.587071834,0.03987375,0.522652425,0.0426388,0.005049417,0.029249733,0.03995125,37.76916
1574275233,2.3608032,0.0372841,0.6438564,0.0428452,0.005374633,0.0291634,0.037356566,37.76916
1574275234,2.042733783,0.038073,0.641846925,0.0428108,0.004946717,0.029077067,0.038147,37.76916
1574275235,2.022196569,0.0376271,0.64066185,0.0427936,0.004963833,0.029025267,0.037700234,37.76916
1574275236,1.927977447,0.03616935,0.620721675,0.0427764,0.004946717,0.028973467,0.03623965,37.76916
1574275237,1.575259248,0.03472875,0.5941176,0.042914,0.004861133,0.029077067,0.03479625,37.76916
1574275238,0.978189044,0.0333396,0.31413075,0.0430344,0.005323283,0.029232467,0.0334044,37.71801
1574275239,0.827860906,0.03164175,0.159675975,0.0428968,0.0050323,0.029387867,0.03170325,37.71801
1574275240,0.829227686,0.02893205,0.159916425,0.0429312,0.005049417,0.029197933,0.028988284,37.71801
1574275241,0.831357734,0.02744,0.159985125,0.042914,0.0050323,0.029405133,0.027493334,37.71801
1574275242,0.873408432,0.0261366,0.2000544,0.0429312,0.004998067,0.029249733,0.0261874,37.71801
1574275243,1.068414326,0.0248332,0.237478725,0.0429484,0.0054431,0.029232467,0.024881466,37.71801
1574275244,1.731036758,0.02371845,0.603512325,0.0429312,0.00487825,0.029077067,0.02376455,37.71801
1574275245,2.079956372,0.0230153,0.64038705,0.0427248,0.005015183,0.0290598,0.023060034,37.71801
1574275246,2.05860264,0.02234645,0.628965675,0.042742,0.005015183,0.029146133,0.022389884,37.71801
1574275247,2.028160704,0.02142035,0.589463175,0.0427248,0.0050323,0.029180667,0.021461984,37.71801
1574275248,1.779619604,0.02032275,0.385046325,0.0425872,0.00559715,0.029267,0.02036225,37.71801
1574275249,1.488779299,0.0197568,0.1185075,0.0424496,0.005357517,0.029353333,0.0197952,37.71801
1574275250,1.367473065,0.02011695,0.02222445,0.0425012,0.005425983,0.029750467,0.02015605,37.71801
1574275251,1.30818673,0.02066575,0.02222445,0.0425012,0.005408867,0.029750467,0.020705916,37.71801
1574275252,0.778177536,0.02052855,0.02126265,0.0428968,0.005203467,0.029646867,0.02056845,37.71801
1574275253,0.658255834,0.01946525,0.029077275,0.043,0.005580033,0.029750467,0.019503084,37.71801
1574275254,0.75350448,0.01874495,0.113475225,0.0430172,0.00508365,0.0295778,0.018781384,37.71801
1574275255,1.341255725,0.01888215,0.1158282,0.0429828,0.005049417,0.029767733,0.01891885,37.71801
1574275256,2.467128096,0.02021985,0.1850091,0.0428452,0.005049417,0.029664133,0.02025915,37.71801
1574275257,2.536904919,0.02021985,0.26253705,0.0428796,0.04554745,0.029715933,0.02025915,37.71801
1574275258,1.238392156,0.01963675,0.49000275,0.0430516,0.015644633,0.0291634,0.019674916,37.71801
1574275259,1.473531706,0.01994545,0.60397605,0.0431376,0.004809783,0.029042533,0.019984216,37.71801
1574275260,1.93658639,0.02080295,0.53046705,0.0427248,0.005066533,0.029008,0.020843384,37.71801
1574275261,1.587613526,0.0220206,0.159572925,0.0424668,0.005374633,0.029405133,0.0220634,37.71801
1574275262,1.486098989,0.0231868,0.159229425,0.0425012,0.005357517,0.0293706,0.023231866,37.71801
1574275263,1.46573928,0.0248675,0.160191225,0.0425012,0.005768317,0.029439667,0.024915834,37.71801
1574275264,1.410606537,0.02663395,0.159813375,0.0424324,0.0053404,0.029560533,0.026685716,37.71801
1574275265,1.380448608,0.0275772,0.167782575,0.042398,0.005323283,0.029267,0.0276308,37.71801
1574275266,0.936173847,0.0270284,0.2590677,0.0427592,0.0050323,0.029353333,0.027080934,37.71801
1574275267,1.12846393,0.02690835,0.515679375,0.0902828,0.004741317,0.029284267,0.02696065,37.71801
1574275268,1.306251936,0.0265825,0.65021115,0.1347104,0.0050323,0.029249733,0.026634166,37.71801
1574275269,1.300571808,0.02512475,0.648064275,0.1353296,0.004604383,0.029232467,0.025173584,37.71801
1574275270,1.381992893,0.0229124,0.64705095,0.143362,0.004638617,0.0293188,0.022956934,37.71801
1574275271,1.498613021,0.02152325,0.608286975,0.1376344,0.153981533,0.029664133,0.021565084,37.71801
1574275272,1.571247658,0.0207172,0.558548175,0.1376688,0.308579267,0.030130333,0.020757466,37.71801
1574275273,0.947143594,0.0202027,0.041134125,0.1436716,0.1589796,0.030233933,0.020241966,37.71801
1574275274,1.078052793,0.01929375,0.02126265,0.1414184,0.203517167,0.030164867,0.01933125,37.71801
1574275275,1.644965068,0.01795605,0.022207275,0.1353124,0.212298017,0.030113067,0.01799095,37.71801
1574275276,1.616990439,0.0175959,0.02229315,0.1411948,0.140476483,0.0301994,0.0176301,37.71801
1574275277,1.59796201,0.01764735,0.0222588,0.1425708,0.139945867,0.030164867,0.01768165,37.71801
1574275278,1.596595229,0.01751015,0.02229315,0.1355532,0.144995283,0.030233933,0.017544184,37.71801
1574275279,1.679880106,0.01747585,0.0221901,0.1339364,0.26357955,0.030233933,0.017509816,37.71801
1574275280,1.654195277,0.0172186,0.062190675,0.1333344,0.244511583,0.030389333,0.017252066,37.71801
1574275281,0.955592784,0.0161553,0.08893215,0.1349512,0.15266355,0.030423867,0.0161867,37.71801
1574275282,0.971976403,0.0156065,0.12232035,0.1387352,0.152338333,0.030389333,0.015636834,37.71801
1574275283,1.083537667,0.0162925,0.22550775,0.150758,0.150335683,0.030285733,0.016324166,37.71801
1574275284,1.365112263,0.01761305,0.5121585,0.1508612,0.14865825,0.030130333,0.017647284,37.71801
1574275285,1.342249747,0.01901935,0.48945315,0.151532,0.14783665,0.030164867,0.019056316,37.71801
1574275286,1.989518083,0.0199626,0.460891125,0.1495712,0.14742585,0.028835333,0.0200014,37.71801
1574275287,2.274997766,0.0208201,0.179358525,0.14878,0.1469637,0.0283346,0.020860566,37.71801
1574275288,1.672016678,0.0209573,0.02243055,0.1466472,0.1470664,0.030268467,0.020998034,37.71801
1574275289,1.598956032,0.0206486,0.022413375,0.1328872,0.147100633,0.0304066,0.020688734,37.71801
1574275290,1.600021056,0.0195853,0.02236185,0.1334892,0.1471691,0.030337533,0.019623366,37.71801
1574275291,1.549929427,0.0182476,0.022207275,0.1512912,0.147597017,0.030268467,0.018283066,37.71801
1574275292,1.497547997,0.0191737,0.022104225,0.1366196,0.140014333,0.030337533,0.019210966,37.71801
1574275293,0.871438137,0.0204085,0.02098785,0.14319,0.134400067,0.0304066,0.020448166,37.71801
1574275294,0.882745142,0.0206829,0.021005025,0.1413668,0.132157783,0.030285733,0.0207231,37.71801
1574275295,1.602878871,0.0210259,0.0210222,0.133988,0.130702867,0.0327376,0.021066766,37.71801
1574275296,2.985439776,0.02210635,0.021005025,0.138632,0.1299155,0.037520467,0.022149316,38.16813
1574275297,2.745436618,0.02306675,0.099185625,0.1392684,0.129641633,0.036449933,0.023111584,38.16813
1574275298,1.02554711,0.02323825,0.16161675,0.1375656,0.128409233,0.030285733,0.023283416,38.16813
1574275299,1.319600236,0.02279235,0.51384165,0.1366712,0.12760475,0.030233933,0.02283665,38.16813
1574275300,1.314452621,0.0215747,0.50917005,0.1364648,0.127057017,0.030285733,0.021616634,38.16813
1574275301,1.372940189,0.01997975,0.488268075,0.07912,0.126766033,0.030320267,0.020018584,38.16813
1574275302,1.568194589,0.01864205,0.4557558,0.0427764,0.12709125,0.030285733,0.018678284,38.16813
1574275303,1.776051773,0.01764735,0.177057075,0.0423464,0.2345668,0.030337533,0.01768165,38.16813
1574275304,1.475590752,0.01720145,0.0223275,0.0423464,0.126321,0.030441133,0.017234884,38.16813
1574275305,1.478235561,0.01713285,0.0223962,0.0423636,0.125875967,0.0304584,0.01716615,38.16813
1574275306,1.535977613,0.01648115,0.022413375,0.0423636,0.172467533,0.030423867,0.016513184,38.16813
1574275307,1.421398781,0.0159838,0.02229315,0.0423636,0.1256021,0.030475667,0.016014866,38.16813
1574275308,1.388755796,0.015092,0.022241625,0.0423636,0.129470467,0.030544733,0.015121334,38.16813
1574275309,0.976396252,0.01490335,0.021279825,0.0427936,0.131935267,0.1617196,0.014932316,38.16813
1574275310,0.889525796,0.0152978,0.021073725,0.0428624,0.133082083,0.190710333,0.015327534,38.16813
1574275311,0.802424582,0.0155722,0.02105655,0.042828,0.13345865,0.091927733,0.015602466,38.16813
1574275312,0.881680118,0.015435,0.1055919,0.0428796,0.133646933,0.088802467,0.015465,38.16813
1574275313,0.86799456,0.01514345,0.09209235,0.0428796,0.1333046,0.088301733,0.015172884,38.16813
1574275314,0.877633027,0.01449175,0.1012638,0.0428968,0.133424417,0.088301733,0.014519916,38.16813
1574275315,1.233280041,0.01373715,0.451170075,0.0430516,0.133064967,0.057463467,0.01376385,38.16813
1574275316,1.255272787,0.01322265,0.482325525,0.0430516,0.133133433,0.030337533,0.01324835,38.16813
1574275317,1.291039844,0.01339415,0.4604961,0.0429828,0.1333046,0.030337533,0.013420184,38.16813
1574275318,1.019689478,0.01353135,0.10954215,0.0429312,0.131541583,0.030423867,0.01355765,38.16813
1574275319,1.487199514,0.01318835,0.022344675,0.0424496,0.128203833,0.030441133,0.013213984,38.16813
1574275320,1.569383866,0.0127253,0.022344675,0.042398,0.1265264,0.030475667,0.012750034,38.16813
1574275321,1.612499587,0.01226225,0.022275975,0.0422948,0.125294,0.030579267,0.012286084,38.16813
1574275322,1.596186969,0.0122108,0.0221901,0.0423292,0.124557983,0.030544733,0.012234534,38.16813
1574275323,1.581436387,0.01239945,0.022138575,0.0422604,0.124592217,0.0306138,0.01242355,38.16813
1574275324,1.100258544,0.0127939,0.021211125,0.042742,0.1237535,0.030527467,0.012818766,38.16813
1574275325,0.986655984,0.0128968,0.0210222,0.0427592,0.123308467,0.030492933,0.012921866,38.16813
1574275326,0.997306224,0.0126224,0.021005025,0.0428108,0.12298325,0.030389333,0.012646934,38.16813
1574275327,1.097702486,0.01315405,0.1198815,0.0428108,0.122658033,0.030337533,0.013179616,38.16813
1574275328,1.293223143,0.01390865,0.3209664,0.0429828,0.122760733,0.030337533,0.013935684,38.16813
1574275329,1.470673891,0.01366855,0.512519175,0.0430344,0.122076067,0.030389333,0.013695116,38.16813
1574275330,1.525078868,0.0138915,0.509530725,0.0430344,0.121716617,0.030389333,0.0139185,38.16813
1574275331,1.438581168,0.0139944,0.47310255,0.0429828,0.1214941,0.030320267,0.0140216,38.16813
1574275332,1.455923308,0.0148862,0.453849375,0.0429828,0.121357167,0.030268467,0.014915134,38.16813
1574275333,1.144315037,0.0160181,0.04448325,0.0429312,0.12205895,0.030268467,0.016049234,38.16813
1574275334,1.505908436,0.01740725,0.021863775,0.0425872,0.12154545,0.030441133,0.017441084,38.16813
1574275335,1.807026221,0.01785315,0.022310325,0.0423292,0.121322933,0.030544733,0.01788785,38.16813
1574275336,2.358921658,0.01860775,0.0222588,0.0422432,0.120997717,0.030700133,0.018643916,38.16813
1574275337,3.313609171,0.01973965,0.0220527,0.0422604,0.120706733,0.0305102,0.019778016,38.16813
1574275338,2.729958268,0.02076865,0.022001175,0.0422604,0.121271583,0.030821,0.020809016,38.16813
1574275339,1.380324355,0.02162615,0.02188095,0.0424496,0.12082655,0.030786467,0.021668184,38.16813
1574275340,0.938445898,0.02196915,0.021142425,0.0427592,0.120501333,0.030821,0.02201185,38.16813
1574275341,0.926819385,0.021952,0.021211125,0.0428108,0.1202617,0.030803733,0.021994666,38.16813
1574275342,1.047131597,0.02179765,0.120225,0.0427764,0.120090533,0.030838267,0.021840016,38.16813
1574275343,1.233049287,0.02176335,0.314800575,0.0428968,0.12041575,0.030734667,0.02180565,38.16813
1574275344,1.381513632,0.02183195,0.510423825,0.0430516,0.119782433,0.0306656,0.021874384,38.16813
1574275345,1.526605402,0.02179765,0.50813955,0.0429484,0.119679733,0.030907333,0.021840016,38.16813
1574275346,1.551189705,0.0216433,0.480213,0.0428452,0.11949145,0.031010933,0.021685366,38.16813
1574275347,1.277354285,0.02058,0.453437175,0.0429828,0.119268933,0.030631067,0.02062,38.16813
1574275348,0.925399354,0.02015125,0.045221775,0.0428108,0.120039183,0.030838267,0.020190416,38.16813
1574275349,1.061278665,0.01994545,0.0215031,0.0428624,0.119577033,0.030803733,0.019984216,38.16813
1574275350,1.442788013,0.01977395,0.022069875,0.04257,0.136368483,0.030890067,0.019812384,38.16813
1574275351,1.695411706,0.0208201,0.02249925,0.0423808,0.151054583,0.030821,0.020860566,38.16813
1574275352,1.668874857,0.02179765,0.022482075,0.0423808,0.119217583,0.030838267,0.021840016,38.16813
1574275353,1.629273715,0.02186625,0.02243055,0.0423808,0.119662617,0.030821,0.02190875,38.16813
1574275354,1.524049344,0.02186625,0.0222588,0.042398,0.119046417,0.030700133,0.02190875,37.99422
1574275355,1.218600461,0.02203775,0.021623325,0.0425528,0.128905617,0.030631067,0.022080584,37.99422
1574275356,1.014648365,0.02234645,0.0210909,0.0427076,0.1185158,0.030907333,0.022389884,37.99422
1574275357,1.155710794,0.0225694,0.105643425,0.0428108,0.118344633,0.0309764,0.022613266,37.99422
1574275358,0.926925888,0.0230153,0.0916458,0.0428796,0.118892367,0.030648333,0.023060034,37.99422
1574275359,0.988661779,0.02385565,0.10157295,0.042914,0.118344633,0.030648333,0.023902016,37.99422
1574275360,2.805219965,0.02416435,0.382435725,0.0428108,0.1178996,0.030786467,0.024211316,37.99422
1574275361,2.458696656,0.024353,0.482531625,0.0428624,0.1176942,0.030734667,0.024400334,37.99422
1574275362,1.388010279,0.0239414,0.4601526,0.0428796,0.11774555,0.030682867,0.023987934,37.99422
1574275363,1.055829293,0.02313535,0.108425775,0.0428108,0.155196817,0.030786467,0.023180316,37.99422
1574275364,0.907950711,0.0232897,0.021142425,0.0427936,0.11846445,0.030803733,0.023334966,37.99422
1574275365,0.885318951,0.02454165,0.02112525,0.042828,0.127279533,0.0306656,0.02458935,37.99422
1574275366,0.880064832,0.02615375,0.02112525,0.0428108,0.118276167,0.0307692,0.026204584,37.99422
1574275367,1.153722748,0.0266168,0.024165225,0.0427076,0.118036533,0.030803733,0.026668534,37.99422
1574275368,1.308772493,0.0258965,0.1628877,0.0426044,0.118498683,0.030682867,0.025946834,37.99422
1574275369,2.388458323,0.02584505,0.160946925,0.042312,0.118139233,0.030475667,0.025895284,37.99422
1574275370,4.849604535,0.02680545,0.1582848,0.0421916,0.117728433,0.030285733,0.02685755,37.99422
1574275371,5.206068068,0.0269598,0.226452375,0.0421572,0.117471683,0.030423867,0.0270122,37.99422
1574275372,5.153260627,0.0266168,0.226246275,0.0420712,0.117214933,0.0307174,0.026668534,37.99422
1574275373,5.77596241,0.0272685,0.62582265,0.042226,0.117351867,0.030423867,0.0273215,37.99422
1574275374,5.619013373,0.0282632,0.636797475,0.0422604,0.11692395,0.0303548,0.028318134,37.99422
1574275375,5.744792707,0.0276115,0.634976925,0.0423808,0.11671855,0.030475667,0.027665166,37.99422
1574275376,5.02295494,0.02673685,0.635595225,0.0426044,0.116427567,0.029526,0.026788816,37.99422
1574275377,4.546179197,0.02653105,0.536598525,0.0427248,0.116222167,0.0294224,0.026582616,37.99422
1574275378,4.343913389,0.02718275,0.33096225,0.0426904,0.116735667,0.029543267,0.027235584,37.99422
1574275379,3.886663085,0.029498,0.0203352,0.0425872,0.116085233,0.0294742,0.029555334,37.99422
1574275380,4.052931081,0.03191615,0.020352375,0.0426044,0.11589695,0.029526,0.031978184,37.99422
1574275381,3.878302647,0.0340599,0.0204726,0.0426044,0.11579425,0.0297332,0.0341261,37.99422
1574275382,2.195227469,0.0354662,0.020695875,0.0426904,0.116170817,0.030009467,0.035535134,37.99422
1574275383,0.833168275,0.0366324,0.0208161,0.0427248,0.116992417,0.030182133,0.0367036,37.99422
1574275384,0.827896406,0.0381416,0.0207474,0.0427592,0.116478917,0.030130333,0.038215734,37.99422
1574275385,0.835387075,0.03809015,0.020764575,0.0426904,0.116427567,0.030164867,0.038164184,37.99422
1574275386,2.141710013,0.03781575,0.0205413,0.0425528,0.116085233,0.029923133,0.03788925,37.99422
1574275387,3.038726477,0.03743845,0.020592825,0.0426216,0.115931183,0.029698667,0.037511216,37.99422
1574275388,3.21591097,0.03692395,0.111070725,0.042656,0.116444683,0.029750467,0.036995716,37.99422
1574275389,4.559491997,0.0359121,0.2406561,0.0426388,0.1157429,0.029456933,0.0359819,37.99422
1574275390,4.759965014,0.03469445,0.50896395,0.0427248,0.115349217,0.029301533,0.034761884,37.99422
1574275391,4.611181162,0.03284225,0.5035023,0.0426388,0.182001517,0.029560533,0.032906084,37.99422
1574275392,5.339551075,0.03318525,0.5060442,0.043,0.12924795,0.027574867,0.03324975,37.99422
1574275393,4.269734467,0.0323449,0.4827549,0.04257,0.11610235,0.029715933,0.032407766,37.99422
1574275394,1.971412675,0.03267075,0.4578168,0.0430344,0.115503267,0.0299404,0.03273425,37.99422
1574275395,1.753934774,0.0334425,0.18593655,0.0431032,0.115314983,0.029871333,0.0335075,37.99422
1574275396,1.283691178,0.03263645,0.0207474,0.0429312,0.11538345,0.029974933,0.032699884,37.99422
1574275397,0.962994701,0.032242,0.020730225,0.043,0.115366333,0.029974933,0.032304666,37.99422
1574275398,0.87594674,0.03243065,0.020833275,0.0428452,0.116222167,0.030164867,0.032493684,37.99422
1574275399,0.885656208,0.03356255,0.020798925,0.042828,0.115605967,0.030078533,0.033627784,37.99422
1574275400,0.90789746,0.03541475,0.02085045,0.0427936,0.115417683,0.0301994,0.035483584,37.99422
1574275401,0.879017558,0.03634085,0.0208161,0.0427764,0.1152294,0.030130333,0.036411484,37.99422
1574275402,0.88576271,0.03647805,0.020833275,0.0427936,0.115195167,0.0301994,0.03654895,37.99422
1574275403,2.51654521,0.03627225,0.02057565,0.042742,0.1157429,0.030527467,0.03634275,37.99422
1574275404,4.037949744,0.03500315,0.73711665,0.0428624,0.114544733,0.030113067,0.035071184,37.99422
1574275405,4.710476899,0.0326879,1.43153625,0.0431548,0.113962767,0.029905867,0.032751434,37.99422
1574275406,4.338499517,0.03153885,1.038726825,0.0429828,0.114031233,0.030113067,0.03160015,37.99422
1574275407,4.416264019,0.03071565,1.1986776,0.0430344,0.113825833,0.030061267,0.03077535,37.99422
1574275408,1.222825056,0.02965235,0.0906153,0.042742,0.115366333,0.030527467,0.029709984,37.99422
1574275409,1.625137872,0.02978955,0.491084775,0.0430688,0.114493383,0.030320267,0.02984745,37.99422
1574275410,1.847159875,0.029498,0.714875025,0.0430688,0.114219517,0.030285733,0.029555334,37.99422
1574275411,3.020976076,0.02834895,1.88358225,0.0434128,0.11322675,0.029974933,0.02840405,37.99422
1574275412,2.097813273,0.0269255,0.85328835,0.043,0.113774483,0.030527467,0.026977834,38.04537
1574275413,1.448042131,0.0261023,0.1090956,0.0428108,0.1149213,0.030303,0.026153034,38.04537
1574275414,3.499668864,0.0258622,1.316893125,0.0430688,0.11343215,0.028628133,0.025912466,38.04537
1574275415,3.49902985,0.025039,1.4215404,0.0426904,0.1134835,0.0301994,0.025087666,38.04537
1574275416,3.307858042,0.02478175,1.4205786,0.0427764,0.113449267,0.030130333,0.024829916,38.04537
1574275417,3.391710931,0.0244216,1.421694975,0.0426904,0.1133808,0.030372067,0.024469066,38.04537
1574275418,2.93277434,0.02464455,1.427877975,0.0429312,0.113808717,0.030113067,0.02469245,38.04537
1574275419,2.820432057,0.0252791,1.493314725,0.0431204,0.11322675,0.030372067,0.025328234,38.04537
1574275420,2.646673392,0.02553635,1.472223825,0.0432236,0.11312405,0.030233933,0.025585984,38.04537
1574275421,2.80191839,0.02683975,1.5206745,0.0432752,0.112935767,0.030337533,0.026891916,38.04537
1574275422,1.609712774,0.0268569,0.297866025,0.0429312,0.113825833,0.0307692,0.0269091,38.04537
1574275423,1.665928292,0.02543345,0.5082426,0.0431376,0.114287983,0.0304066,0.025482884,38.04537
1574275424,1.394134167,0.02402715,0.4812435,0.0430172,0.113723133,0.030061267,0.02407385,38.04537
1574275425,1.527741428,0.022295,0.46059915,0.0430516,0.113517733,0.030044,0.022338334,38.04537
1574275426,1.170692132,0.02193485,0.1094391,0.0428624,0.153348217,0.0300958,0.021977484,38.04537
1574275427,0.909779001,0.02152325,0.0210909,0.0428452,0.126714683,0.030285733,0.021565084,38.04537
1574275428,0.926091619,0.0207858,0.021005025,0.0427936,0.11445915,0.030233933,0.0208262,38.04537
1574275429,0.921565267,0.0198597,0.020798925,0.0428452,0.113825833,0.030182133,0.0198983,38.04537
1574275430,0.91728742,0.0177331,0.020833275,0.0429656,0.113706017,0.0300958,0.017767566,38.04537
1574275431,0.934452058,0.01620675,0.020867625,0.0429312,0.11363755,0.030268467,0.01623825,38.04537
1574275432,0.926091619,0.01517775,0.020867625,0.042828,0.113517733,0.030268467,0.01520725,38.04537
1574275433,1.01264257,0.0147833,0.10596975,0.0429312,0.1140997,0.030216667,0.014812034,38.04537
1574275434,0.982963901,0.0150234,0.092040825,0.043,0.113654667,0.030216667,0.0150526,38.04537
1574275435,0.959160614,0.0147833,0.1029126,0.0428968,0.113397917,0.030233933,0.014812034,38.04537
1574275436,1.360639162,0.01377145,0.448731225,0.0430344,0.113106933,0.030078533,0.013798216,38.04537
1574275437,1.525540378,0.0124166,0.50985705,0.0430344,0.11291865,0.029905867,0.012440734,38.04537
1574275438,1.973773479,0.0120393,0.46891185,0.0427248,0.113603317,0.0299404,0.0120627,38.04537
1574275439,2.032971062,0.0121079,0.4500537,0.0426388,0.113192517,0.030044,0.012131434,38.04537
1574275440,1.586619504,0.01318835,0.04647555,0.042398,0.1132781,0.0301476,0.013213984,38.04537
1574275441,1.513771862,0.01490335,0.02194965,0.042398,0.113089817,0.030164867,0.014932316,38.04537
1574275442,1.097276476,0.016121,0.021279825,0.0427764,0.112935767,0.030182133,0.016152334,38.04537
1574275443,0.894726662,0.01678985,0.0208848,0.042828,0.113551967,0.030303,0.016822484,38.04537
1574275444,1.079455075,0.01715,0.020798925,0.0429484,0.112935767,0.0301476,0.017183334,38.04537
1574275445,0.93675961,0.01864205,0.020730225,0.042828,0.112798833,0.0299404,0.018678284,38.04537
1574275446,1.006855939,0.0199626,0.02078175,0.0427936,0.134605467,0.029871333,0.0200014,38.04537
1574275447,0.994306406,0.02080295,0.020764575,0.0428452,0.1126619,0.029871333,0.020843384,38.04537
1574275448,1.035451833,0.0216433,0.0209535,0.0428796,0.113295217,0.029785,0.021685366,38.04537
1574275449,1.164994253,0.0224322,0.02119395,0.0427076,0.112833067,0.029819533,0.0224758,38.04537
1574275450,1.663123728,0.02419865,0.022035525,0.0423292,0.112798833,0.0297332,0.024245684,38.04537
1574275451,1.662679968,0.02618805,0.022001175,0.0423292,0.112542083,0.029802267,0.02623895,38.04537
1574275452,1.620860026,0.0300125,0.022001175,0.0424496,0.112524967,0.029819533,0.030070834,38.04537
1574275453,1.572348182,0.03249925,0.021863775,0.042312,0.139535067,0.029871333,0.032562416,38.04537
1574275454,1.223730327,0.0347802,0.021314175,0.0426732,0.11250785,0.029785,0.0348478,38.04537
1574275455,1.7772233,0.0371126,0.0204039,0.0427936,0.112233983,0.030009467,0.037184734,38.04537
1574275456,2.524177882,0.03839885,0.020180625,0.0429656,0.11199435,0.0298886,0.038473484,38.04537
1574275457,1.07966808,0.03709545,0.141333075,0.0428968,0.111960117,0.029664133,0.03716755,38.04537
1574275458,0.977390276,0.03610075,0.1567047,0.0428452,0.112593433,0.029646867,0.036170916,38.04537
1574275459,0.873372931,0.03627225,0.1570482,0.0427936,0.112114167,0.030009467,0.03634275,38.04537
1574275460,0.800472038,0.0352261,0.157511925,0.0427076,0.11209705,0.030320267,0.035294566,38.04537
1574275461,0.804820886,0.032928,0.15742605,0.0427076,0.11189165,0.0303548,0.032992,38.04537
1574275462,0.804696634,0.03112725,0.15763215,0.0427248,0.111823183,0.030303,0.03118775,38.04537
1574275463,0.948936384,0.02965235,0.157511925,0.042828,0.112268217,0.030216667,0.029709984,38.04537
1574275464,0.857539574,0.02927505,0.156996675,0.0427248,0.11178895,0.0301994,0.02933195,38.04537
1574275465,0.835333824,0.02687405,0.15660165,0.042742,0.11178895,0.030216667,0.026926284,38.04537
1574275466,0.82935194,0.02512475,0.156378375,0.0427592,0.1115322,0.030078533,0.025173584,38.04537
1574275467,1.535764608,0.02454165,0.038523525,0.0431376,0.110916,0.029802267,0.02458935,38.04537
1574275468,1.834557091,0.0244559,0.01803375,0.0432236,0.1113268,0.029923133,0.024503434,38.04537
1574275469,1.816380681,0.02395855,0.018050925,0.0431548,0.1108133,0.0299922,0.024005116,38.04537
1574275470,1.827953942,0.0238728,0.018153975,0.0431892,0.110796183,0.030061267,0.0239192,37.41111
1574275471,1.836758141,0.0241472,0.018188325,0.043172,0.110676367,0.030182133,0.024194134,37.41111
1574275472,1.833048307,0.02440445,0.01817115,0.0432064,0.110625017,0.030130333,0.024451884,37.41111
1574275473,1.832533546,0.02464455,0.018153975,0.043172,0.1112241,0.030113067,0.02469245,37.41111
1574275474,1.881435898,0.02416435,0.0182742,0.0431892,0.11065925,0.030130333,0.024211316,37.41111
1574275475,1.989571334,0.0228095,0.0184803,0.043172,0.110693483,0.029905867,0.022853834,37.41111
1574275476,2.500995859,0.0218834,0.019356225,0.0427592,0.110642133,0.030026733,0.021925934,37.41111
1574275477,2.589517104,0.02124885,0.019459275,0.042656,0.110436733,0.029974933,0.02129015,37.41111
1574275478,2.523361363,0.0197225,0.0193734,0.0426732,0.11096735,0.030009467,0.019760834,37.41111
1574275479,2.491428394,0.0185563,0.019218825,0.0426732,0.110488083,0.029957667,0.018592366,37.41111
1574275480,2.047792647,0.01781885,0.01858335,0.043086,0.1104025,0.030044,0.017853484,37.41111
1574275481,2.047295635,0.017493,0.018600525,0.0431204,0.11014575,0.029923133,0.017527,37.41111
1574275482,2.557158124,0.0169099,0.01940775,0.0426732,0.110316917,0.029974933,0.016942766,37.41111
1574275483,2.513705145,0.0164983,0.0193734,0.0427248,0.1108133,0.029957667,0.016530366,37.41111
1574275484,2.440893005,0.0169442,0.01920165,0.0426388,0.11024845,0.030044,0.016977134,37.41111
1574275485,2.050046947,0.01709855,0.01858335,0.0430172,0.110128633,0.030009467,0.017131784,37.41111
1574275486,1.824670119,0.0169099,0.018222675,0.0431548,0.110060167,0.0300958,0.016942766,37.41111
1574275487,0.610667011,0.0162582,0.02050695,0.0427248,0.110779067,0.030475667,0.0162898,37.41111
1574275488,0.566628268,0.0153664,0.020558475,0.0426904,0.11137815,0.030441133,0.015396266,37.41111
1574275489,0.699578765,0.0143374,0.02057565,0.0427936,0.215344783,0.030372067,0.014365266,37.41111
1574275490,0.749421888,0.01394295,0.020558475,0.0426388,0.253069917,0.030423867,0.01397005,37.41111
1574275491,0.693845385,0.0145089,0.02050695,0.0426388,0.21520785,0.0303548,0.0145371,37.41111
1574275492,0.681455606,0.01510915,0.0204726,0.0426388,0.207625167,0.030268467,0.015138516,37.41111
1574275493,0.561480653,0.0160181,0.020730225,0.0427936,0.112952883,0.0305102,0.016049234,37.41111
1574275494,0.683266147,0.01668695,0.02061,0.0428452,0.1121484,0.167970133,0.016719384,37.41111
1574275495,0.610063498,0.0167041,0.0205413,0.0427764,0.112011467,0.0856772,0.016736566,37.41111
1574275496,0.612033792,0.01610385,0.02050695,0.0427764,0.111703367,0.0889406,0.01613515,37.41111
1574275497,0.66386496,0.01504055,0.02057565,0.042828,0.1115322,0.0884226,0.015069784,37.41111
1574275498,0.774520953,0.0136514,0.0208161,0.0428108,0.111412383,0.0882672,0.013677934,37.41111
1574275499,1.300500806,0.0123137,0.0217092,0.0423636,0.11148085,0.088249933,0.012337634,37.41111
1574275500,1.403399876,0.0113533,0.021932475,0.0422776,0.111395267,0.088077267,0.011375366,37.41111
1574275501,1.47551975,0.01037575,0.02188095,0.0423636,0.111155633,0.193697467,0.010395916,37.41111
1574275502,2.534597366,0.00944965,0.019424925,0.042742,0.110368267,0.086367867,0.009468016,37.41111
1574275503,2.514131155,0.00811195,0.019321875,0.0427764,0.110265567,0.086264267,0.008127716,37.41111
1574275504,0.655611024,0.0067228,0.020592825,0.0430516,0.110950233,0.0870758,0.006735866,37.41111
1574275505,0.649469386,0.00615685,0.02064435,0.0430344,0.144533133,0.074971867,0.006168816,37.41111
1574275506,0.571385376,0.00547085,0.020695875,0.0428624,0.111052933,0.030855533,0.005481484,37.41111
1574275507,1.772927702,0.00591675,0.02050695,0.0431376,0.121836433,0.0278166,0.00592825,37.41111
1574275508,2.264862288,0.00598535,0.020386725,0.0429828,0.110334033,0.0264698,0.005996984,37.41111
1574275509,1.081638374,0.00416745,0.020558475,0.0421744,0.1361802,0.029646867,0.00417555,37.41111
1574275510,0.568243555,0.0031899,0.0205413,0.0420196,0.110676367,0.030821,0.0031961,37.41111
1574275511,0.57158063,0.002744,0.020558475,0.0419164,0.110693483,0.0309246,0.002749334,37.41111
1574275512,0.57108362,0.0023667,0.02050695,0.0418992,0.110916,0.0308728,0.0023713,37.41111
1574275513,0.624778579,0.00224665,0.020592825,0.0418648,0.110847533,0.030803733,0.002251016,37.41111
1574275514,0.72865392,0.0022295,0.020798925,0.0419508,0.110830417,0.030786467,0.002233834,37.41111
1574275515,1.2646805,0.0021609,0.021795075,0.041452,0.11096735,0.0308728,0.0021651,37.41111
1574275516,1.357781347,0.0021266,0.02194965,0.041538,0.110916,0.030803733,0.002130734,37.41111
1574275517,1.335664349,0.0018522,0.021966825,0.0414348,0.110881767,0.0309764,0.0018558,37.41111
1574275518,1.306535943,0.0017836,0.021932475,0.0415208,0.110830417,0.030959133,0.001787066,37.41111
1574275519,1.220144746,0.00183505,0.021898125,0.0414692,0.110727717,0.031097267,0.001838616,37.41111
1574275520,0.839966678,0.0022295,0.02153745,0.0417272,0.110847533,0.0311318,0.002233834,37.41111
1574275521,0.508815216,0.00258965,0.020936325,0.0419508,0.110693483,0.031114533,0.002594684,37.41111
1574275522,0.462060662,0.00282975,0.02098785,0.0420884,0.110693483,0.031045467,0.00283525,37.41111
1574275523,0.539754163,0.0027783,0.0207474,0.0419336,0.110522317,0.031010933,0.0027837,37.41111
1574275524,0.57200664,0.002401,0.020661525,0.041968,0.11055655,0.030993667,0.002405666,37.41111
1574275525,0.627086131,0.0020237,0.020798925,0.0420024,0.11055655,0.031062733,0.002027634,37.41111
1574275526,0.737280615,0.00159495,0.02105655,0.0420712,0.1105052,0.031045467,0.00159805,37.41111
1574275527,1.228842442,0.00135485,0.0219153,0.0415552,0.1106079,0.031149067,0.001357484,37.41111
1574275528,1.328280182,0.0011662,0.02201835,0.0415896,0.110539433,0.031010933,0.001168466,36.73593
1574275529,1.270129872,0.0010633,0.021984,0.0415208,0.110488083,0.030941867,0.001065366,36.73593
1574275530,1.22790167,0.0010633,0.0221901,0.0414176,0.110419617,0.031010933,0.001065366,36.73593
1574275531,1.315961405,0.0010976,0.0219153,0.0414864,0.110334033,0.030890067,0.001099734,36.73593
1574275532,1.381513632,0.0012005,0.0220527,0.0415208,0.146056517,0.0310282,0.001202834,36.73593
1574275533,1.311293049,0.0013034,0.022172925,0.0415208,0.110316917,0.031114533,0.001305934,36.73593
1574275534,2.501297616,0.00121765,0.01954515,0.041968,0.109495317,0.0308728,0.001220016,36.73593
1574275535,2.296440249,0.00104615,0.0191673,0.0420196,0.10942685,0.030890067,0.001048184,36.73593
1574275536,1.841710503,0.00101185,0.018291375,0.0423808,0.109204333,0.030821,0.001013816,36.73593
1574275537,1.841444247,0.0009947,0.0182742,0.042312,0.1091701,0.030803733,0.000996634,36.73593
1574275538,1.85136672,0.001029,0.0183429,0.0423464,0.109135867,0.030890067,0.001031,36.73593
1574275539,1.852520496,0.00097755,0.018325725,0.0423292,0.109101633,0.030941867,0.00097945,36.73593
1574275540,1.848118396,0.0009261,0.018325725,0.0424496,0.109238567,0.030959133,0.0009279,36.73593
1574275541,1.847532633,0.00087465,0.01830855,0.0422948,0.109152983,0.030941867,0.00087635,36.73593
1574275542,1.842722276,0.0008232,0.018291375,0.0423808,0.1089647,0.030959133,0.0008248,36.73593
1574275543,1.848118396,0.00063455,0.01830855,0.042398,0.1096836,0.031010933,0.000635784,36.73593
1574275544,1.849165671,0.000343,0.018360075,0.0425012,0.109255683,0.03108,0.000343666,36.73593
1574275545,1.848171648,8.57E-05,0.018325725,0.0424496,0.109187217,0.031062733,8.59E-05,36.73593
1574275546,1.846538611,0.0002401,0.018291375,0.0425184,0.1089647,0.031062733,0.000240566,36.73593
1574275547,1.840095216,0.00046305,0.018222675,0.0426044,0.108879117,0.030993667,0.00046395,36.73593
1574275548,1.843432291,0.00053165,0.018222675,0.0426216,0.10952955,0.0310282,0.000532684,36.73593
1574275549,1.839509453,0.00063455,0.0182055,0.0426388,0.108947583,0.031045467,0.000635784,36.73593
1574275550,1.84424881,0.0007203,0.01830855,0.0427592,0.108981817,0.03108,0.0007217,36.73593
1574275551,1.950218698,0.0007889,0.01865205,0.0428796,0.109050283,0.0308728,0.000790434,36.73593
1574275552,0.926180371,0.00087465,0.0215718,0.0423636,0.109769183,0.031097267,0.00087635,36.73593
1574275553,1.249379654,0.000686,0.0222588,0.0418992,0.11045385,0.0311836,0.000687334,36.73593
1574275554,1.219061971,0.0007889,0.022310325,0.041882,0.109957467,0.0312872,0.000790434,36.73593
1574275555,1.218600461,0.0009261,0.0899283,0.042054,0.109889,0.031218133,0.0009279,36.73593
1574275556,1.184697197,0.00118335,0.106261725,0.0420712,0.109649367,0.031356267,0.00118565,36.73593
1574275557,0.969935108,0.00156065,0.5153874,0.042742,0.109152983,0.0312872,0.001563684,36.73593
1574275558,0.987277248,0.0015435,0.5130516,0.0427764,0.109889,0.063265067,0.0015465,36.73593
1574275559,1.225150358,0.00190365,0.5002734,0.0428796,0.109409733,0.276594733,0.00190735,36.73593
1574275560,1.204027383,0.0021266,0.4608396,0.0426044,0.109255683,0.292445533,0.002130734,36.73593
1574275561,1.060923658,0.00221235,0.257092575,0.0425012,0.109204333,0.3443146,0.00221665,36.73593
1574275562,0.868385069,0.00241815,0.02085045,0.0424152,0.109238567,0.350461533,0.00242285,36.73593
1574275563,0.927600404,0.00255535,0.02085045,0.0424496,0.109820533,0.352067333,0.002560316,36.73593
1574275564,0.928008662,0.0026411,0.0208848,0.0424324,0.109495317,0.352585333,0.002646234,36.73593
1574275565,1.085969472,0.0027097,0.020936325,0.0426044,0.1092728,0.5263916,0.002714966,36.73593
1574275566,1.136522611,0.00286405,0.020901975,0.0424668,0.109187217,0.559060133,0.002869616,36.73593
1574275567,2.006451965,0.0029155,0.02071305,0.0430516,0.108981817,1.532934667,0.002921166,36.73593
1574275568,1.726563658,0.00300125,0.0208161,0.0428452,0.109717833,1.2253808,0.003007084,36.73593
1574275569,1.497104237,0.0031213,0.02078175,0.0427764,0.109050283,0.845704067,0.003127366,36.73593
1574275570,1.446391344,0.0031213,0.02085045,0.0427248,0.108930467,0.857117333,0.003127366,36.73593
1574275571,2.000860589,0.00310415,0.02078175,0.0430344,0.10881065,1.447274733,0.003110184,36.73593
1574275572,1.624658612,0.00327565,0.0208161,0.0427592,0.108827767,1.004125733,0.003282016,36.73593
1574275573,1.716623434,0.0033271,0.02085045,0.0428796,0.1094782,1.044115333,0.003333566,36.73593
1574275574,2.177565821,0.0032928,0.02071305,0.0431032,0.10891335,1.546575333,0.0032992,36.73593
1574275575,1.286353738,0.00348145,0.020867625,0.0425872,0.108947583,0.6199942,0.003488216,36.73593
1574275576,1.180437101,0.00348145,0.020867625,0.0425184,0.108862,0.5494944,0.003488216,36.73593
1574275577,1.15508953,0.00351575,0.020867625,0.0425528,0.108844883,0.512681867,0.003522584,36.73593
1574275578,1.085294956,0.00351575,0.0208848,0.0425356,0.109443967,0.4290076,0.003522584,36.73593
1574275579,1.087531507,0.00351575,0.02085045,0.0425356,0.108947583,0.429491067,0.003522584,36.73593
1574275580,1.242723254,0.00351575,0.1090956,0.0426388,0.108793533,0.429335667,0.003522584,36.73593
1574275581,1.479105331,0.00355005,0.242150325,0.0426732,0.108536783,0.429560133,0.00355695,36.73593
1574275582,2.237100663,0.0035329,0.51026925,0.0425356,0.10839985,0.424207467,0.003539766,36.73593
1574275583,2.343993571,0.00358435,0.5060442,0.04257,0.109084517,0.4251744,0.003591316,36.73593
1574275584,2.336982163,0.0035672,0.50415495,0.0427076,0.1085539,0.426193133,0.003574134,36.73593
1574275585,2.196931507,0.0035672,0.4661295,0.0425872,0.1084512,0.4261068,0.003574134,36.73593
1574275586,2.171672688,0.0035672,0.554185725,0.0426732,0.108228683,0.427160067,0.003574134,35.69247
1574275587,1.59043584,0.0035672,0.5132577,0.043,0.10809175,0.433393333,0.003574134,35.69247
1574275588,1.580069606,0.00355005,0.5071434,0.0432408,0.108725067,0.4330998,0.00355695,35.69247
1574275589,1.578117063,0.00355005,0.505820925,0.0430344,0.108160217,0.432081067,0.00355695,35.69247
1574275590,1.585359226,0.0035672,0.51129975,0.0431032,0.108160217,0.4334624,0.003574134,35.69247
1574275591,1.581844647,0.0035329,0.5067312,0.0430344,0.107903467,0.433548733,0.003539766,35.69247
1574275592,1.57976785,0.0035329,0.503347725,0.0432408,0.107954817,0.435603467,0.003539766,35.69247
1574275593,1.65298825,0.0035672,0.502866825,0.0432408,0.108622367,0.4369848,0.003574134,35.69247
1574275594,1.695926467,0.0035672,0.5018535,0.043344,0.1462448,0.4362078,0.003574134,35.69247
1574275595,1.688986061,0.0035672,0.50133825,0.04343,0.130189367,0.4349646,0.003574134,35.69247
1574275596,1.663283481,0.00355005,0.501424125,0.0434988,0.1106079,0.433997667,0.00355695,35.69247
1574275597,1.691382365,0.0035329,0.5005482,0.0435676,0.1320722,0.434895533,0.003539766,35.69247
1574275598,1.665537782,0.0035672,0.4999299,0.0436192,0.113004233,0.4342912,0.003574134,35.69247
